Date,ID,Tweet,User id,User name,User screen name,User location,User url,User description,place,Entities,Stock Symbol
2019-12-28 15:37:15,1210947831080636416,"And here comes my last late #Christmas gift in form of your very first and early look at the #Google #Pixel4a! 
360‚Ä¶ https://t.co/Q9COm3aLwW",3059500674,Steve H.McFly,OnLeaks,France,https://t.co/XGTdgxAMkG,Professional Time Traveler üïí @Slashleaks co-ownerüíßHit LIKES TAB to browse MY LEAKS üìÇ NOTABLE FOLLOWERS listed in FOLLOWING LISTüéñBUSINESS onleaks@gmail.comüíµ,,"{'hashtags': [{'text': 'Christmas', 'indices': [28, 38]}, {'text': 'Google', 'indices': [93, 100]}, {'text': 'Pixel4a', 'indices': [101, 109]}], 'symbols': [], 'user_mentions': [], 'urls': [{'url': 'https://t.co/Q9COm3aLwW', 'expanded_url': 'https://twitter.com/i/web/status/1210947831080636416', 'display_url': 'twitter.com/i/web/status/1‚Ä¶', 'indices': [117, 140]}]}","GOOG, GOOGL"
2019-12-28 07:35:00,1210826466419601410,#Google is paying tribute to #Pakistan's  renowned #singer #IqbalBano  with its doodle feature on her 81st birthday‚Ä¶ https://t.co/KNT2Vjtu3R,149495617,The News,thenews_intl,"Karachi, Pakistan",https://t.co/I9LQ7wu05R,"Where the conversations start. Follow us for special features, breaking news & in-depth analysis; more at https://t.co/fHknDtxtph",,"{'hashtags': [{'text': 'Google', 'indices': [0, 7]}, {'text': 'Pakistan', 'indices': [29, 38]}, {'text': 'singer', 'indices': [51, 58]}, {'text': 'IqbalBano', 'indices': [59, 69]}], 'symbols': [], 'user_mentions': [], 'urls': [{'url': 'https://t.co/KNT2Vjtu3R', 'expanded_url': 'https://twitter.com/i/web/status/1210826466419601410', 'display_url': 'twitter.com/i/web/status/1‚Ä¶', 'indices': [117, 140]}]}","GOOG, GOOGL"
2019-12-27 20:07:00,1210653325055553536,"#Google pays homage to #IqbalBano with a doodle
#ARYNews

https://t.co/Fw8ndZW05z",1430793200,ARY News,ARYNEWSOFFICIAL,"Karachi,Pakistan",https://t.co/Yi7661wvTN,ARY News is a Pakistani news channel committed to bring you up-to-the minute news & featured stories from around Pakistan & all over the world.,,"{'hashtags': [{'text': 'Google', 'indices': [0, 7]}, {'text': 'IqbalBano', 'indices': [23, 33]}, {'text': 'ARYNews', 'indices': [48, 56]}], 'symbols': [], 'user_mentions': [], 'urls': [{'url': 'https://t.co/Fw8ndZW05z', 'expanded_url': 'https://arynews.tv/en/google-tribute-iqbal-bano/', 'display_url': 'arynews.tv/en/google-trib‚Ä¶', 'indices': [58, 81]}]}","GOOG, GOOGL"
2019-12-22 17:29:55,1208801855184130048,"In 2000, @JLo wore a plunging, green @Versace dress to the #GRAMMYs that caused so many #Google searches that the c‚Ä¶ https://t.co/fDEmuMYnjD",17243213,Recording Academy / GRAMMYs,RecordingAcad,Santa Monica,https://t.co/oEXNMmpAuB,"Celebrating music through the #GRAMMYs. Fostering a stronger and more inspiring world for creators through @GRAMMYAdvocacy, @MusiCares, and the @GRAMMYMuseum.",,"{'hashtags': [{'text': 'GRAMMYs', 'indices': [59, 67]}, {'text': 'Google', 'indices': [88, 95]}], 'symbols': [], 'user_mentions': [{'screen_name': 'JLo', 'name': 'Jennifer Lopez', 'id': 85603854, 'id_str': '85603854', 'indices': [9, 13]}, {'screen_name': 'Versace', 'name': 'VERSACE', 'id': 72568426, 'id_str': '72568426', 'indices': [37, 45]}], 'urls': [{'url': 'https://t.co/fDEmuMYnjD', 'expanded_url': 'https://twitter.com/i/web/status/1208801855184130048', 'display_url': 'twitter.com/i/web/status/1‚Ä¶', 'indices': [117, 140]}]}","GOOG, GOOGL"
2019-12-24 00:40:00,1209272476452163584,"#China‚Äôs #Huawei to create alternative to #Google services in #India by year‚Äôs end

https://t.co/VvC5lVETks https://t.co/gR5AZjGSmd",64643056,RT,RT_com,,http://t.co/bDDyvy9DmR,"RT, the global news network, broadcasts from Moscow, London, Paris and Washington studios to over 100 countries.",,"{'hashtags': [{'text': 'China', 'indices': [0, 6]}, {'text': 'Huawei', 'indices': [9, 16]}, {'text': 'Google', 'indices': [42, 49]}, {'text': 'India', 'indices': [62, 68]}], 'symbols': [], 'user_mentions': [], 'urls': [{'url': 'https://t.co/VvC5lVETks', 'expanded_url': 'https://on.rt.com/a7st', 'display_url': 'on.rt.com/a7st', 'indices': [84, 107]}], 'media': [{'id': 1209141296050429954, 'id_str': '1209141296050429954', 'indices': [108, 131], 'media_url': 'http://pbs.twimg.com/tweet_video_thumb/EMe7mjpXYAIpk3S.jpg', 'media_url_https': 'https://pbs.twimg.com/tweet_video_thumb/EMe7mjpXYAIpk3S.jpg', 'url': 'https://t.co/gR5AZjGSmd', 'display_url': 'pic.twitter.com/gR5AZjGSmd', 'expanded_url': 'https://twitter.com/RT_com/status/1209272476452163584/photo/1', 'type': 'photo', 'sizes': {'thumb': {'w': 150, 'h': 150, 'resize': 'crop'}, 'medium': {'w': 396, 'h': 300, 'resize': 'fit'}, 'large': {'w': 396, 'h': 300, 'resize': 'fit'}, 'small': {'w': 396, 'h': 300, 'resize': 'fit'}}}]}","GOOG, GOOGL"
2019-12-21 18:09:44,1208449486529400837,"In 2019, over a thousand @21WIRE readers and listeners made the decision to ditch #Google #Chrome and start surfing‚Ä¶ https://t.co/S5qyZ4wQ5j",16936686,Patrick Henningsen,21WIRE,USA,https://t.co/d5hUBp5d8M,"Independent global affairs analyst, journalist, radio host, TV broadcaster, and fierce critic of mainstream media propaganda. https://t.co/BuMzdr7JNy",,"{'hashtags': [{'text': 'Google', 'indices': [82, 89]}, {'text': 'Chrome', 'indices': [90, 97]}], 'symbols': [], 'user_mentions': [{'screen_name': '21WIRE', 'name': 'Patrick Henningsen', 'id': 16936686, 'id_str': '16936686', 'indices': [25, 32]}], 'urls': [{'url': 'https://t.co/S5qyZ4wQ5j', 'expanded_url': 'https://twitter.com/i/web/status/1208449486529400837', 'display_url': 'twitter.com/i/web/status/1‚Ä¶', 'indices': [117, 140]}]}","GOOG, GOOGL"
2019-12-23 16:20:01,1209146652646420480,"Google‚Äôs Recorder app is like magic, but here‚Äôs how it works.
Read more: https://t.co/O56jnOVxt1

#technology‚Ä¶ https://t.co/gSr6n1yXwQ",95438524,Android Authority,AndroidAuth,,https://t.co/zuzeGMgjgP,https://t.co/V0a08spYa4 - Your source for all things Android!,,"{'hashtags': [{'text': 'technology', 'indices': [98, 109]}], 'symbols': [], 'user_mentions': [], 'urls': [{'url': 'https://t.co/O56jnOVxt1', 'expanded_url': 'https://andauth.co/l3JBkq', 'display_url': 'andauth.co/l3JBkq', 'indices': [73, 96]}, {'url': 'https://t.co/gSr6n1yXwQ', 'expanded_url': 'https://twitter.com/i/web/status/1209146652646420480', 'display_url': 'twitter.com/i/web/status/1‚Ä¶', 'indices': [111, 134]}]}","GOOG, GOOGL"
2019-12-23 14:28:00,1209118463396139010,"What's new in #Google?

üÜï #BERT expanded into 70 languages
üÜï Google updated Search Quality Guidelines
üÜï New #GSC me‚Ä¶ https://t.co/4XqnzP7C6p",21896072,SEMrush,semrush,"Boston, MA",https://t.co/JjZxAQAL1F,Be a digital marketing rock star with SEMrush! Follow us for the best industry updates & tips and connect with top influencers via our weekly #SEMrushchat,,"{'hashtags': [{'text': 'Google', 'indices': [14, 21]}, {'text': 'BERT', 'indices': [26, 31]}, {'text': 'GSC', 'indices': [108, 112]}], 'symbols': [], 'user_mentions': [], 'urls': [{'url': 'https://t.co/4XqnzP7C6p', 'expanded_url': 'https://twitter.com/i/web/status/1209118463396139010', 'display_url': 'twitter.com/i/web/status/1‚Ä¶', 'indices': [117, 140]}]}","GOOG, GOOGL"
2019-12-25 12:29:36,1209813442389061632,"From Pixel 4 XL to the Pixel 2 XL: What I learned from downgrading.
Read more: https://t.co/pnmIhonCUW

#technology‚Ä¶ https://t.co/shY0YRHlp2",95438524,Android Authority,AndroidAuth,,https://t.co/zuzeGMgjgP,https://t.co/V0a08spYa4 - Your source for all things Android!,,"{'hashtags': [{'text': 'technology', 'indices': [104, 115]}], 'symbols': [], 'user_mentions': [], 'urls': [{'url': 'https://t.co/pnmIhonCUW', 'expanded_url': 'https://andauth.co/7rXlBz', 'display_url': 'andauth.co/7rXlBz', 'indices': [79, 102]}, {'url': 'https://t.co/shY0YRHlp2', 'expanded_url': 'https://twitter.com/i/web/status/1209813442389061632', 'display_url': 'twitter.com/i/web/status/1‚Ä¶', 'indices': [117, 140]}]}","GOOG, GOOGL"
2019-12-23 01:45:03,1208926460423086080,20 years of internet giants. So much change even in just the past decade. #tech #internet #amazon #microsoft #google https://t.co/4EPehZs5XV,227755413,"Michael A. Gayed, CFA",leadlagreport,"New York, NY",https://t.co/oHoplhSRCc,Portfolio Manager. Award Winning Author of The Lead-Lag Report. Songwriter for @FortunateFall03. Founder of @HowUdish. Occasionally funny. RT ‚â† endorsements.,,"{'hashtags': [{'text': 'tech', 'indices': [74, 79]}, {'text': 'internet', 'indices': [80, 89]}, {'text': 'amazon', 'indices': [90, 97]}, {'text': 'microsoft', 'indices': [98, 108]}, {'text': 'google', 'indices': [109, 116]}], 'symbols': [], 'user_mentions': [], 'urls': [], 'media': [{'id': 1208926458434994177, 'id_str': '1208926458434994177', 'indices': [117, 140], 'media_url': 'http://pbs.twimg.com/media/EMb4NXKWwAEbF0S.jpg', 'media_url_https': 'https://pbs.twimg.com/media/EMb4NXKWwAEbF0S.jpg', 'url': 'https://t.co/4EPehZs5XV', 'display_url': 'pic.twitter.com/4EPehZs5XV', 'expanded_url': 'https://twitter.com/leadlagreport/status/1208926460423086080/photo/1', 'type': 'photo', 'sizes': {'thumb': {'w': 150, 'h': 150, 'resize': 'crop'}, 'medium': {'w': 1070, 'h': 1075, 'resize': 'fit'}, 'large': {'w': 1070, 'h': 1075, 'resize': 'fit'}, 'small': {'w': 677, 'h': 680, 'resize': 'fit'}}}]}","GOOG, GOOGL"
2019-12-23 00:01:37,1208900429112889346,"Best commercial of 2019, the decade, and of all time.  #Google #YearInSearch2019 https://t.co/tutUJ25z2i",55695337,Kevin Belbey,KevinBelbey,NYC,https://t.co/PMI1dQjzOM,Agent @TheMontagGroup. GM of @BoeheimsArmy. RTs=Endorsements.,,"{'hashtags': [{'text': 'Google', 'indices': [55, 62]}, {'text': 'YearInSearch2019', 'indices': [63, 80]}], 'symbols': [], 'user_mentions': [], 'urls': [], 'media': [{'id': 1208885737304645632, 'id_str': '1208885737304645632', 'indices': [81, 104], 'media_url': 'http://pbs.twimg.com/ext_tw_video_thumb/1208885737304645632/pu/img/X_h-UlcbMby1FY0o.jpg', 'media_url_https': 'https://pbs.twimg.com/ext_tw_video_thumb/1208885737304645632/pu/img/X_h-UlcbMby1FY0o.jpg', 'url': 'https://t.co/tutUJ25z2i', 'display_url': 'pic.twitter.com/tutUJ25z2i', 'expanded_url': 'https://twitter.com/giewahyudi/status/1208886274074873856/video/1', 'type': 'photo', 'sizes': {'thumb': {'w': 150, 'h': 150, 'resize': 'crop'}, 'medium': {'w': 1200, 'h': 675, 'resize': 'fit'}, 'small': {'w': 680, 'h': 383, 'resize': 'fit'}, 'large': {'w': 1280, 'h': 720, 'resize': 'fit'}}, 'source_status_id': 1208886274074873856, 'source_status_id_str': '1208886274074873856', 'source_user_id': 75022223, 'source_user_id_str': '75022223'}]}","GOOG, GOOGL"
2019-12-21 01:16:15,1208194435772751877,"Yesterday, I partnered with #Microsoft to help bring tech classes to middle school aged kids and their siblings fro‚Ä¶ https://t.co/WpETLOGb9q",1317592454,Justin Reid,jreid_viii,"Houston, TX",https://t.co/gtgujlfAyT,Love the life you live. Live the life you love. @stanfordfball | @houstontexans Business inquires contact: tamara@boommediaandimage.com,,"{'hashtags': [{'text': 'Microsoft', 'indices': [28, 38]}], 'symbols': [], 'user_mentions': [], 'urls': [{'url': 'https://t.co/WpETLOGb9q', 'expanded_url': 'https://twitter.com/i/web/status/1208194435772751877', 'display_url': 'twitter.com/i/web/status/1‚Ä¶', 'indices': [117, 140]}]}",MSFT
2019-12-20 20:35:25,1208123763545591809,Microsoft Endpoint Manager: Bringing together #SCCM and #Intune capabilities. Presented by @Andersonand filmed at‚Ä¶ https://t.co/wNS7HabQ9N,1648629770,Microsoft Mechanics,MSFTMechanics,Online and major MSFT events,https://t.co/WS0yjdPlU1,Microsoft's official video series for IT Pros. Watch and share valuable content/demos on upcoming and current tech from the people who build it at #Microsoft.,,"{'hashtags': [{'text': 'SCCM', 'indices': [46, 51]}, {'text': 'Intune', 'indices': [56, 63]}], 'symbols': [], 'user_mentions': [{'screen_name': 'AndersonAnd', 'name': 'Anderson Andreola', 'id': 53192472, 'id_str': '53192472', 'indices': [91, 103]}], 'urls': [{'url': 'https://t.co/wNS7HabQ9N', 'expanded_url': 'https://twitter.com/i/web/status/1208123763545591809', 'display_url': 'twitter.com/i/web/status/1‚Ä¶', 'indices': [115, 138]}]}",MSFT
2019-12-23 01:45:03,1208926460423086080,20 years of internet giants. So much change even in just the past decade. #tech #internet #amazon #microsoft #google https://t.co/4EPehZs5XV,227755413,"Michael A. Gayed, CFA",leadlagreport,"New York, NY",https://t.co/oHoplhSRCc,Portfolio Manager. Award Winning Author of The Lead-Lag Report. Songwriter for @FortunateFall03. Founder of @HowUdish. Occasionally funny. RT ‚â† endorsements.,,"{'hashtags': [{'text': 'tech', 'indices': [74, 79]}, {'text': 'internet', 'indices': [80, 89]}, {'text': 'amazon', 'indices': [90, 97]}, {'text': 'microsoft', 'indices': [98, 108]}, {'text': 'google', 'indices': [109, 116]}], 'symbols': [], 'user_mentions': [], 'urls': [], 'media': [{'id': 1208926458434994177, 'id_str': '1208926458434994177', 'indices': [117, 140], 'media_url': 'http://pbs.twimg.com/media/EMb4NXKWwAEbF0S.jpg', 'media_url_https': 'https://pbs.twimg.com/media/EMb4NXKWwAEbF0S.jpg', 'url': 'https://t.co/4EPehZs5XV', 'display_url': 'pic.twitter.com/4EPehZs5XV', 'expanded_url': 'https://twitter.com/leadlagreport/status/1208926460423086080/photo/1', 'type': 'photo', 'sizes': {'thumb': {'w': 150, 'h': 150, 'resize': 'crop'}, 'medium': {'w': 1070, 'h': 1075, 'resize': 'fit'}, 'large': {'w': 1070, 'h': 1075, 'resize': 'fit'}, 'small': {'w': 677, 'h': 680, 'resize': 'fit'}}}]}",MSFT
2019-12-27 23:37:15,1210706239107276800,See how corporations in the United States get billions in government subsidies. #huawei #boeing #nike #ford #intel https://t.co/lkvm7ZEQI2,620136960,CGTN America,cgtnamerica,"Washington, DC",https://t.co/aQGRpjLFu1,"Watch live: https://t.co/rtNij3XmD3 
Material is distributed by MediaLinks TV, LLC on behalf of CCTV. Info available at the Department of Justice in DC.",,"{'hashtags': [{'text': 'huawei', 'indices': [80, 87]}, {'text': 'boeing', 'indices': [88, 95]}, {'text': 'nike', 'indices': [96, 101]}, {'text': 'ford', 'indices': [102, 107]}, {'text': 'intel', 'indices': [108, 114]}], 'symbols': [], 'user_mentions': [], 'urls': [], 'media': [{'id': 1210705608502120453, 'id_str': '1210705608502120453', 'indices': [115, 138], 'media_url': 'http://pbs.twimg.com/media/EM1KvpdXUAIBsFN.jpg', 'media_url_https': 'https://pbs.twimg.com/media/EM1KvpdXUAIBsFN.jpg', 'url': 'https://t.co/lkvm7ZEQI2', 'display_url': 'pic.twitter.com/lkvm7ZEQI2', 'expanded_url': 'https://twitter.com/cgtnamerica/status/1210706239107276800/video/1', 'type': 'photo', 'sizes': {'thumb': {'w': 150, 'h': 150, 'resize': 'crop'}, 'large': {'w': 1920, 'h': 1080, 'resize': 'fit'}, 'medium': {'w': 1200, 'h': 675, 'resize': 'fit'}, 'small': {'w': 680, 'h': 383, 'resize': 'fit'}}}]}",INTC
2019-12-28 13:44:44,1210919514092834818,"Apple's May 2019 in review: New #MacBookPro, new #iPodtouch, and controversy from #Adobe https://t.co/lt2QxdzZAd https://t.co/FDBAfyromq",20542450,AppleInsider,appleinsider,"Cupertino, California",https://t.co/XLxbjgPbDq,"In-depth Apple news, analysis & reviews since 1997. Facebook: https://t.co/MTXnzSOBUj YouTube: https://t.co/R2aAX6Ml8d",,"{'hashtags': [{'text': 'MacBookPro', 'indices': [32, 43]}, {'text': 'iPodtouch', 'indices': [49, 59]}, {'text': 'Adobe', 'indices': [82, 88]}], 'symbols': [], 'user_mentions': [], 'urls': [{'url': 'https://t.co/lt2QxdzZAd', 'expanded_url': 'https://appleinsider.com/articles/19/12/28/may-2019-in-review-new-macbook-pro-new-ipod-touch-and-controversy-from-adobe', 'display_url': 'appleinsider.com/articles/19/12‚Ä¶', 'indices': [89, 112]}], 'media': [{'id': 1210919511928528897, 'id_str': '1210919511928528897', 'indices': [113, 136], 'media_url': 'http://pbs.twimg.com/media/EM4M4WAW4AEhBxN.jpg', 'media_url_https': 'https://pbs.twimg.com/media/EM4M4WAW4AEhBxN.jpg', 'url': 'https://t.co/FDBAfyromq', 'display_url': 'pic.twitter.com/FDBAfyromq', 'expanded_url': 'https://twitter.com/appleinsider/status/1210919514092834818/photo/1', 'type': 'photo', 'sizes': {'thumb': {'w': 150, 'h': 150, 'resize': 'crop'}, 'small': {'w': 660, 'h': 368, 'resize': 'fit'}, 'large': {'w': 660, 'h': 368, 'resize': 'fit'}, 'medium': {'w': 660, 'h': 368, 'resize': 'fit'}}}]}",ADBE
2019-12-27 12:36:48,1210540028818067457,"And this is #Apple's 2020 #iPadPro duo! 
360¬∞ videos + gorgeous official looking 5K renders + dimensions, on behalf‚Ä¶ https://t.co/JznzKhvkfh",3059500674,Steve H.McFly,OnLeaks,France,https://t.co/XGTdgxAMkG,Professional Time Traveler üïí @Slashleaks co-ownerüíßHit LIKES TAB to browse MY LEAKS üìÇ NOTABLE FOLLOWERS listed in FOLLOWING LISTüéñBUSINESS onleaks@gmail.comüíµ,,"{'hashtags': [{'text': 'Apple', 'indices': [12, 18]}, {'text': 'iPadPro', 'indices': [26, 34]}], 'symbols': [], 'user_mentions': [], 'urls': [{'url': 'https://t.co/JznzKhvkfh', 'expanded_url': 'https://twitter.com/i/web/status/1210540028818067457', 'display_url': 'twitter.com/i/web/status/1‚Ä¶', 'indices': [117, 140]}]}",AAPL
2019-12-27 17:26:32,1210612943521492994,"Last #Pivotpodcast of the decade ‚Äî review of tech, politics, social topics

Winner for the decade: #Apple
Loser:‚Ä¶ https://t.co/d8GRxABQPg",9273802,Scott Galloway,profgalloway,NYC,https://t.co/7p9Sm7nKpx,Son of superhero (single mom) | Product of big government @ucla @berkeley | Prof Marketing @NYUStern | cohost Pivot podcast | sign up at https://t.co/57CtTLBpoc,,"{'hashtags': [{'text': 'Pivotpodcast', 'indices': [5, 18]}, {'text': 'Apple', 'indices': [99, 105]}], 'symbols': [], 'user_mentions': [], 'urls': [{'url': 'https://t.co/d8GRxABQPg', 'expanded_url': 'https://twitter.com/i/web/status/1210612943521492994', 'display_url': 'twitter.com/i/web/status/1‚Ä¶', 'indices': [114, 137]}]}",AAPL
2019-12-28 14:20:00,1210928387688206336,"Your technology is mine! Doctor sues #Apple over Apple Watch heart rate monitoring method
 
https://t.co/kBfdm3z12n https://t.co/O65LRVQyEJ",64643056,RT,RT_com,,http://t.co/bDDyvy9DmR,"RT, the global news network, broadcasts from Moscow, London, Paris and Washington studios to over 100 countries.",,"{'hashtags': [{'text': 'Apple', 'indices': [37, 43]}], 'symbols': [], 'user_mentions': [], 'urls': [{'url': 'https://t.co/kBfdm3z12n', 'expanded_url': 'https://on.rt.com/a81z', 'display_url': 'on.rt.com/a81z', 'indices': [92, 115]}], 'media': [{'id': 1210884204457791494, 'id_str': '1210884204457791494', 'indices': [116, 139], 'media_url': 'http://pbs.twimg.com/tweet_video_thumb/EM3sxLbWkAYTq8n.jpg', 'media_url_https': 'https://pbs.twimg.com/tweet_video_thumb/EM3sxLbWkAYTq8n.jpg', 'url': 'https://t.co/O65LRVQyEJ', 'display_url': 'pic.twitter.com/O65LRVQyEJ', 'expanded_url': 'https://twitter.com/RT_com/status/1210928387688206336/photo/1', 'type': 'photo', 'sizes': {'thumb': {'w': 150, 'h': 150, 'resize': 'crop'}, 'small': {'w': 478, 'h': 314, 'resize': 'fit'}, 'medium': {'w': 478, 'h': 314, 'resize': 'fit'}, 'large': {'w': 478, 'h': 314, 'resize': 'fit'}}}]}",AAPL
2019-12-28 22:20:00,1211049183517396993,"Could #Apple have stolen its Apple Watch heart rate monitoring method? 

https://t.co/kBfdm3hpDN",64643056,RT,RT_com,,http://t.co/bDDyvy9DmR,"RT, the global news network, broadcasts from Moscow, London, Paris and Washington studios to over 100 countries.",,"{'hashtags': [{'text': 'Apple', 'indices': [6, 12]}], 'symbols': [], 'user_mentions': [], 'urls': [{'url': 'https://t.co/kBfdm3hpDN', 'expanded_url': 'https://on.rt.com/a81z', 'display_url': 'on.rt.com/a81z', 'indices': [73, 96]}]}",AAPL
2019-12-28 23:48:34,1211071473391026176,"Watch the fun 'Group slofie on iPhone 11' ads by Apple üòÇ
 https://t.co/fGPc5YilWr #Apple @TBWA #slofie https://t.co/ACMd4rc3ky",29186233,Ads of the World‚Ñ¢,adsoftheworld,"New York, USA",http://t.co/iy0akoCiQI,Part of The Clio Network. Visit @ClioAwards for more from the world of creative #advertising.,,"{'hashtags': [{'text': 'Apple', 'indices': [82, 88]}, {'text': 'slofie', 'indices': [95, 102]}], 'symbols': [], 'user_mentions': [{'screen_name': 'TBWA', 'name': 'TBWA Worldwide', 'id': 9210592, 'id_str': '9210592', 'indices': [89, 94]}], 'urls': [{'url': 'https://t.co/fGPc5YilWr', 'expanded_url': 'https://www.adsoftheworld.com/media/film/apple_group_slofie_on_iphone_11', 'display_url': 'adsoftheworld.com/media/film/app‚Ä¶', 'indices': [58, 81]}], 'media': [{'id': 1211071466734645249, 'id_str': '1211071466734645249', 'indices': [103, 126], 'media_url': 'http://pbs.twimg.com/media/EM6XFRxUcAEfInh.jpg', 'media_url_https': 'https://pbs.twimg.com/media/EM6XFRxUcAEfInh.jpg', 'url': 'https://t.co/ACMd4rc3ky', 'display_url': 'pic.twitter.com/ACMd4rc3ky', 'expanded_url': 'https://twitter.com/adsoftheworld/status/1211071473391026176/photo/1', 'type': 'photo', 'sizes': {'small': {'w': 680, 'h': 381, 'resize': 'fit'}, 'thumb': {'w': 150, 'h': 150, 'resize': 'crop'}, 'medium': {'w': 1200, 'h': 672, 'resize': 'fit'}, 'large': {'w': 2048, 'h': 1148, 'resize': 'fit'}}}]}",AAPL
2019-12-21 16:51:25,1208429777360539648,22-year-old hacker‚Äîmember of the 'Turkish Crime Family' group who in 2017 threatened #Apple to wipe out 319 million‚Ä¶ https://t.co/AWrnZpvzr8,209811713,The Hacker News,TheHackersNews,The Internet,https://t.co/tbidM8WUBF,"Most trusted, widely-read independent #cybersecurity news source for everyone; supported by hackers and IT professionals ‚Äî Send TIPs to admin@thehackernews.com",,"{'hashtags': [{'text': 'Apple', 'indices': [85, 91]}], 'symbols': [], 'user_mentions': [], 'urls': [{'url': 'https://t.co/AWrnZpvzr8', 'expanded_url': 'https://twitter.com/i/web/status/1208429777360539648', 'display_url': 'twitter.com/i/web/status/1‚Ä¶', 'indices': [117, 140]}]}",AAPL
2019-12-23 14:43:05,1209122259295703040,"Starting #ChristmasEve, #Apple will be giving away a series of surprises for customers of the #AppStore, in what ap‚Ä¶ https://t.co/PjiQFcWaQj",20542450,AppleInsider,appleinsider,"Cupertino, California",https://t.co/XLxbjgPbDq,"In-depth Apple news, analysis & reviews since 1997. Facebook: https://t.co/MTXnzSOBUj YouTube: https://t.co/R2aAX6Ml8d",,"{'hashtags': [{'text': 'ChristmasEve', 'indices': [9, 22]}, {'text': 'Apple', 'indices': [24, 30]}, {'text': 'AppStore', 'indices': [94, 103]}], 'symbols': [], 'user_mentions': [], 'urls': [{'url': 'https://t.co/PjiQFcWaQj', 'expanded_url': 'https://twitter.com/i/web/status/1209122259295703040', 'display_url': 'twitter.com/i/web/status/1‚Ä¶', 'indices': [117, 140]}]}",AAPL
2019-12-21 07:00:00,1208280943871627266,"This #Apple Mac Pro Display XDR costs $59,597! https://t.co/hkKx5Y9dPz",14763734,Digital Trends,DigitalTrends,"Portland, OR, and New York, NY",https://t.co/wxxwesnWkd,Tech for the way we live. | Facebook &  Instagram: @DigitalTrends,,"{'hashtags': [{'text': 'Apple', 'indices': [5, 11]}], 'symbols': [], 'user_mentions': [], 'urls': [], 'media': [{'id': 1204483311957098496, 'id_str': '1204483311957098496', 'indices': [47, 70], 'media_url': 'http://pbs.twimg.com/amplify_video_thumb/1204483311957098496/img/k3YSJq9avW3J9FI4.jpg', 'media_url_https': 'https://pbs.twimg.com/amplify_video_thumb/1204483311957098496/img/k3YSJq9avW3J9FI4.jpg', 'url': 'https://t.co/hkKx5Y9dPz', 'display_url': 'pic.twitter.com/hkKx5Y9dPz', 'expanded_url': 'https://twitter.com/DigitalTrends/status/1208280943871627266/video/1', 'type': 'photo', 'sizes': {'thumb': {'w': 150, 'h': 150, 'resize': 'crop'}, 'small': {'w': 680, 'h': 680, 'resize': 'fit'}, 'medium': {'w': 720, 'h': 720, 'resize': 'fit'}, 'large': {'w': 720, 'h': 720, 'resize': 'fit'}}}]}",AAPL
2019-12-28 16:39:02,1210963378937708545,"Pak drama have made a huge come back recently, as culture minister I strived to bring big content companies to inve‚Ä¶ https://t.co/uYOguxctSL",113286385,Ch Fawad Hussain,fawadchaudhry,PAKISTAN,https://t.co/P4fWqhRgBC,Federal Minister for Science & Technology Government of Pakistan,,"{'hashtags': [], 'symbols': [], 'user_mentions': [], 'urls': [{'url': 'https://t.co/uYOguxctSL', 'expanded_url': 'https://twitter.com/i/web/status/1210963378937708545', 'display_url': 'twitter.com/i/web/status/1‚Ä¶', 'indices': [117, 140]}]}",AMZN
2019-12-27 20:13:16,1210654901728161792,"A huge endorsement for @BernieSanders from the #amazon slayer, trust buster @ZephyrTeachout! 

#FlashbackFriday to‚Ä¶ https://t.co/YPLfCEMwJi",22524908,Ron T. Kim,rontkim,inclu$ive,https://t.co/SA10mEFtca,@MaketheRoadAct @NYWFP endorsed antimonopolist lawmaker focused on capturing unvalued work for a #CaringSociety (personal account) #Bernie2020 he/him,,"{'hashtags': [{'text': 'amazon', 'indices': [47, 54]}, {'text': 'FlashbackFriday', 'indices': [95, 111]}], 'symbols': [], 'user_mentions': [{'screen_name': 'BernieSanders', 'name': 'Bernie Sanders', 'id': 216776631, 'id_str': '216776631', 'indices': [23, 37]}, {'screen_name': 'ZephyrTeachout', 'name': 'Zephyr Teachout', 'id': 15467700, 'id_str': '15467700', 'indices': [76, 91]}], 'urls': [{'url': 'https://t.co/YPLfCEMwJi', 'expanded_url': 'https://twitter.com/i/web/status/1210654901728161792', 'display_url': 'twitter.com/i/web/status/1‚Ä¶', 'indices': [116, 139]}]}",AMZN
2019-12-28 16:55:08,1210967429985316864,This browser extension shows you which #Amazon books are available free at your local library https://t.co/viC4lgDPFt,572079091,EveryLibrary,EveryLibrary,Everywhere USA,https://t.co/70DtWOLpwO,Any library initiative anywhere matters to every library everywhere. America's Library PAC. Donate at https://t.co/7dJfcKWKHl,,"{'hashtags': [{'text': 'Amazon', 'indices': [39, 46]}], 'symbols': [], 'user_mentions': [], 'urls': [{'url': 'https://t.co/viC4lgDPFt', 'expanded_url': 'http://ow.ly/I3iV30q1HgD', 'display_url': 'ow.ly/I3iV30q1HgD', 'indices': [94, 117]}]}",AMZN
2019-12-27 22:02:01,1210682272694833154,Adventures of Kijimi is December's Star Wars Smuggler's Bounty Box! Now available for order on @amazon! ‚û°Ô∏è‚Ä¶ https://t.co/qRZoa4tei6,1378000488,Funko,OriginalFunko,"Everett, WA",https://t.co/0W4J4q9HcX,Funko is a pop culture collectibles company. Everyone is a fan of something! https://t.co/xHZ8KZKYpm https://t.co/UNIpDXd0EQ,,"{'hashtags': [], 'symbols': [], 'user_mentions': [{'screen_name': 'amazon', 'name': 'Amazon.com', 'id': 20793816, 'id_str': '20793816', 'indices': [95, 102]}], 'urls': [{'url': 'https://t.co/qRZoa4tei6', 'expanded_url': 'https://twitter.com/i/web/status/1210682272694833154', 'display_url': 'twitter.com/i/web/status/1‚Ä¶', 'indices': [108, 131]}]}",AMZN
2019-12-28 11:59:18,1210892981034725377,"Amazon ranks as one of the world's most innovative companies, but it doesn't always get it right. Ren√©e Mauborgne d‚Ä¶ https://t.co/QalxT3etQj",432962544,Blue Ocean Strategy,BlueOceanStrtgy,,http://t.co/IsveDOp2xL,"#BlueOceanShift and #BlueOceanStrategy are worldwide business strategy bestsellers, helping you to move beyond competing and start creating your #blueocean.",,"{'hashtags': [], 'symbols': [], 'user_mentions': [], 'urls': [{'url': 'https://t.co/QalxT3etQj', 'expanded_url': 'https://twitter.com/i/web/status/1210892981034725377', 'display_url': 'twitter.com/i/web/status/1‚Ä¶', 'indices': [117, 140]}]}",AMZN
2019-12-21 02:53:16,1208218850594045952,"Since the launch of #Amazon‚Äôs delivery service in February 2018, #FedEx has lost $25 billion (39%) in value, despit‚Ä¶ https://t.co/JDlCjvtQ8G",9273802,Scott Galloway,profgalloway,NYC,https://t.co/7p9Sm7nKpx,Son of superhero (single mom) | Product of big government @ucla @berkeley | Prof Marketing @NYUStern | cohost Pivot podcast | sign up at https://t.co/57CtTLBpoc,,"{'hashtags': [{'text': 'Amazon', 'indices': [20, 27]}, {'text': 'FedEx', 'indices': [65, 71]}], 'symbols': [], 'user_mentions': [], 'urls': [{'url': 'https://t.co/JDlCjvtQ8G', 'expanded_url': 'https://twitter.com/i/web/status/1208218850594045952', 'display_url': 'twitter.com/i/web/status/1‚Ä¶', 'indices': [117, 140]}]}",AMZN
2019-12-22 03:45:05,1208594280266158081,"When we look back on 2019, will it be seen as year when awareness of scale of #climatechange kicked in? There's 1 d‚Ä¶ https://t.co/E0d3VlQPaX",191849753,Helen Clark,HelenClarkNZ,,https://t.co/EsTrSJfv0c,I'm former Prime Minister of #NewZealand & former @UNDP Administrator: passionate about human & sustainable #development world-wide.,,"{'hashtags': [{'text': 'climatechange', 'indices': [78, 92]}], 'symbols': [], 'user_mentions': [], 'urls': [{'url': 'https://t.co/E0d3VlQPaX', 'expanded_url': 'https://twitter.com/i/web/status/1208594280266158081', 'display_url': 'twitter.com/i/web/status/1‚Ä¶', 'indices': [117, 140]}]}",AMZN
2019-12-22 13:53:59,1208747513697775617,Satellites have played a key role in monitoring and reducing the rate of #deforestation in the #Amazon rainforest.‚Ä¶ https://t.co/DjrgH1FzpV,24919888,NASA Earth,NASAEarth,"Washington, DC",https://t.co/sKI8B0RUjN,NASA uses the vantage point of space to increase our understanding of Earth and improve lives.,,"{'hashtags': [{'text': 'deforestation', 'indices': [73, 87]}, {'text': 'Amazon', 'indices': [95, 102]}], 'symbols': [], 'user_mentions': [], 'urls': [{'url': 'https://t.co/DjrgH1FzpV', 'expanded_url': 'https://twitter.com/i/web/status/1208747513697775617', 'display_url': 'twitter.com/i/web/status/1‚Ä¶', 'indices': [116, 139]}]}",AMZN
2019-12-21 21:10:04,1208494870681260033,A lack of innovation &amp; a competitor who can overwhelm enemies with cheap capital and Jedi mind tricks (#Amazon) hav‚Ä¶ https://t.co/r4NZ2CaNHX,9273802,Scott Galloway,profgalloway,NYC,https://t.co/7p9Sm7nKpx,Son of superhero (single mom) | Product of big government @ucla @berkeley | Prof Marketing @NYUStern | cohost Pivot podcast | sign up at https://t.co/57CtTLBpoc,,"{'hashtags': [{'text': 'Amazon', 'indices': [107, 114]}], 'symbols': [], 'user_mentions': [], 'urls': [{'url': 'https://t.co/r4NZ2CaNHX', 'expanded_url': 'https://twitter.com/i/web/status/1208494870681260033', 'display_url': 'twitter.com/i/web/status/1‚Ä¶', 'indices': [121, 144]}]}",AMZN
2019-12-20 15:41:41,1208049843190599681,One truckload of goods that have never been in use ‚Äì that‚Äôs how much stock an #Amazon warehouse in Germany destroys‚Ä¶ https://t.co/LfKgLFz8m8,8447362,Greenpeace e.V.,greenpeace_de,Hamburg,https://t.co/09b3oqOauL,"Greenpeace ist eine internationale Umweltorganisation, die gewaltfrei f√ºr den Schutz der Lebensgrundlagen k√§mpft. Hier twittert Greenpeace Deutschland.",,"{'hashtags': [{'text': 'Amazon', 'indices': [78, 85]}], 'symbols': [], 'user_mentions': [], 'urls': [{'url': 'https://t.co/LfKgLFz8m8', 'expanded_url': 'https://twitter.com/i/web/status/1208049843190599681', 'display_url': 'twitter.com/i/web/status/1‚Ä¶', 'indices': [117, 140]}]}",AMZN
2019-12-24 22:25:00,1209600893202640896,"Sens. @BernieSanders and @EWarren have been among the most critical of mammoth #BigTech companies like #Amazon, and‚Ä¶ https://t.co/qb0DmNjFnu",29097819,The Epoch Times,EpochTimes,"New York, USA",https://t.co/udZgeB9zvZ,"An independent, award-winning voice in print & online. Integrity & truthfulness in reporting. Email Sign up: https://t.co/OovwXvDr5L",,"{'hashtags': [{'text': 'BigTech', 'indices': [79, 87]}, {'text': 'Amazon', 'indices': [103, 110]}], 'symbols': [], 'user_mentions': [{'screen_name': 'BernieSanders', 'name': 'Bernie Sanders', 'id': 216776631, 'id_str': '216776631', 'indices': [6, 20]}, {'screen_name': 'ewarren', 'name': 'Elizabeth Warren', 'id': 357606935, 'id_str': '357606935', 'indices': [25, 33]}], 'urls': [{'url': 'https://t.co/qb0DmNjFnu', 'expanded_url': 'https://twitter.com/i/web/status/1209600893202640896', 'display_url': 'twitter.com/i/web/status/1‚Ä¶', 'indices': [117, 140]}]}",AMZN
2019-12-23 21:15:01,1209220893785772032,You shall call His name Jesus... The incredible #UnsungNoel Christmas Concert from @TheJonathanCain is available NO‚Ä¶ https://t.co/43ceuqxPjy,27768807,Paula White-Cain,Paula_White,"Orlando, FL",https://t.co/PAIlGb59ub,I love the Lord - He is my strength!,,"{'hashtags': [{'text': 'UnsungNoel', 'indices': [48, 59]}], 'symbols': [], 'user_mentions': [{'screen_name': 'TheJonathanCain', 'name': 'Jonathan Cain', 'id': 251441174, 'id_str': '251441174', 'indices': [83, 99]}], 'urls': [{'url': 'https://t.co/43ceuqxPjy', 'expanded_url': 'https://twitter.com/i/web/status/1209220893785772032', 'display_url': 'twitter.com/i/web/status/1‚Ä¶', 'indices': [117, 140]}]}",AMZN
2019-12-24 14:34:34,1209482504622743554,Christ is the heart of Christmas!! The incredible #UnsungNoel Christmas Concert from @TheJonathanCain is available‚Ä¶ https://t.co/dsioQyfXDa,27768807,Paula White-Cain,Paula_White,"Orlando, FL",https://t.co/PAIlGb59ub,I love the Lord - He is my strength!,,"{'hashtags': [{'text': 'UnsungNoel', 'indices': [50, 61]}], 'symbols': [], 'user_mentions': [{'screen_name': 'TheJonathanCain', 'name': 'Jonathan Cain', 'id': 251441174, 'id_str': '251441174', 'indices': [85, 101]}], 'urls': [{'url': 'https://t.co/dsioQyfXDa', 'expanded_url': 'https://twitter.com/i/web/status/1209482504622743554', 'display_url': 'twitter.com/i/web/status/1‚Ä¶', 'indices': [116, 139]}]}",AMZN
2019-12-24 14:35:06,1209482639134081024,"#Amazon partners with brands the way a parasite partners with a host. 

https://t.co/r4e8ZeA519",9273802,Scott Galloway,profgalloway,NYC,https://t.co/7p9Sm7nKpx,Son of superhero (single mom) | Product of big government @ucla @berkeley | Prof Marketing @NYUStern | cohost Pivot podcast | sign up at https://t.co/57CtTLBpoc,,"{'hashtags': [{'text': 'Amazon', 'indices': [0, 7]}], 'symbols': [], 'user_mentions': [], 'urls': [{'url': 'https://t.co/r4e8ZeA519', 'expanded_url': 'https://www.nytimes.com/2019/12/19/technology/amazon-sellers.html', 'display_url': 'nytimes.com/2019/12/19/tec‚Ä¶', 'indices': [72, 95]}]}",AMZN
2019-12-20 15:24:06,1208045417470009350,All of my books are available via #amazon Xoxo ‚Ä¢ love you all. https://t.co/4V0GYwg7Bh,2294597605,R. M. Drake,rmdrk,Miami - L.A. ,https://t.co/lyvuQkSsmP,"New York Times Best Selling Author.
self-published. I write books to inspire the youth.",,"{'hashtags': [{'text': 'amazon', 'indices': [34, 41]}], 'symbols': [], 'user_mentions': [], 'urls': [], 'media': [{'id': 1208045412965322754, 'id_str': '1208045412965322754', 'indices': [63, 86], 'media_url': 'http://pbs.twimg.com/media/EMPW5xBWkAIywK9.jpg', 'media_url_https': 'https://pbs.twimg.com/media/EMPW5xBWkAIywK9.jpg', 'url': 'https://t.co/4V0GYwg7Bh', 'display_url': 'pic.twitter.com/4V0GYwg7Bh', 'expanded_url': 'https://twitter.com/rmdrk/status/1208045417470009350/photo/1', 'type': 'photo', 'sizes': {'thumb': {'w': 150, 'h': 150, 'resize': 'crop'}, 'medium': {'w': 1018, 'h': 1200, 'resize': 'fit'}, 'small': {'w': 577, 'h': 680, 'resize': 'fit'}, 'large': {'w': 1080, 'h': 1273, 'resize': 'fit'}}}]}",AMZN
2019-12-27 17:26:32,1210612943521492994,"Last #Pivotpodcast of the decade ‚Äî review of tech, politics, social topics

Winner for the decade: #Apple
Loser:‚Ä¶ https://t.co/d8GRxABQPg",9273802,Scott Galloway,profgalloway,NYC,https://t.co/7p9Sm7nKpx,Son of superhero (single mom) | Product of big government @ucla @berkeley | Prof Marketing @NYUStern | cohost Pivot podcast | sign up at https://t.co/57CtTLBpoc,,"{'hashtags': [{'text': 'Pivotpodcast', 'indices': [5, 18]}, {'text': 'Apple', 'indices': [99, 105]}], 'symbols': [], 'user_mentions': [], 'urls': [{'url': 'https://t.co/d8GRxABQPg', 'expanded_url': 'https://twitter.com/i/web/status/1210612943521492994', 'display_url': 'twitter.com/i/web/status/1‚Ä¶', 'indices': [114, 137]}]}",FB
2019-12-28 23:17:28,1211063646895390720,#Facebook just had a massive data breach. https://t.co/8LXnj4fuvJ,14763734,Digital Trends,DigitalTrends,"Portland, OR, and New York, NY",https://t.co/wxxwesnWkd,Tech for the way we live. | Facebook &  Instagram: @DigitalTrends,,"{'hashtags': [{'text': 'Facebook', 'indices': [0, 9]}], 'symbols': [], 'user_mentions': [], 'urls': [], 'media': [{'id': 1207796622345867265, 'id_str': '1207796622345867265', 'indices': [42, 65], 'media_url': 'http://pbs.twimg.com/ext_tw_video_thumb/1207796622345867265/pu/img/id6RthSlzcdO-jHE.jpg', 'media_url_https': 'https://pbs.twimg.com/ext_tw_video_thumb/1207796622345867265/pu/img/id6RthSlzcdO-jHE.jpg', 'url': 'https://t.co/8LXnj4fuvJ', 'display_url': 'pic.twitter.com/8LXnj4fuvJ', 'expanded_url': 'https://twitter.com/DigitalTrends/status/1211063646895390720/video/1', 'type': 'photo', 'sizes': {'thumb': {'w': 150, 'h': 150, 'resize': 'crop'}, 'small': {'w': 680, 'h': 680, 'resize': 'fit'}, 'medium': {'w': 720, 'h': 720, 'resize': 'fit'}, 'large': {'w': 720, 'h': 720, 'resize': 'fit'}}}]}",FB
2019-12-23 10:04:37,1209052179530579968,Little #Sabarimala pilgrim Veda sleeps on the lap of an unknown Muslim woman who was sitting next to her in the tra‚Ä¶ https://t.co/xwOK4Ktzm6,3061358472,K Tony Jose,KtonyjoseMM,"Kottayam, India",https://t.co/tqc0PSUbo2,"Social Media Editor @ Manorama Daily.  Follows humans; occasionally other creatures too. Fact Checker. 
(RTs &LIKES are not endorsements)",,"{'hashtags': [{'text': 'Sabarimala', 'indices': [7, 18]}], 'symbols': [], 'user_mentions': [], 'urls': [{'url': 'https://t.co/xwOK4Ktzm6', 'expanded_url': 'https://twitter.com/i/web/status/1209052179530579968', 'display_url': 'twitter.com/i/web/status/1‚Ä¶', 'indices': [117, 140]}]}",FB
2019-12-28 10:29:52,1210870475603230720,"""Central banks will not accept the basket of currencies underpinning it,‚Äù said Ueli Maurer, apparently burying‚Ä¶ https://t.co/OoypkTpv3h",43092938,swissinfo.ch,swissinfo_en,Switzerland,https://t.co/STFoD8FAig,International Service of the Swiss Broadcasting Corporation,,"{'hashtags': [], 'symbols': [], 'user_mentions': [], 'urls': [{'url': 'https://t.co/OoypkTpv3h', 'expanded_url': 'https://twitter.com/i/web/status/1210870475603230720', 'display_url': 'twitter.com/i/web/status/1‚Ä¶', 'indices': [112, 135]}]}",FB
2019-12-28 20:31:31,1211021883862208513,"#KayhanLife‚Äôs #TopStories for Saturday Dec. 28th, 2019.

Visit: https://t.co/WUVmDLLoAq 
and 
Follow @KayhanLife on‚Ä¶ https://t.co/PvLlICcaXw",765638818938621952,Kayhan Life,KayhanLife,"London, England",https://t.co/rIADWoiTBP,Kayhan Life is an English language media outlet with a spotlight on the global Iranian community.             RTs are not endorsements.,,"{'hashtags': [{'text': 'KayhanLife', 'indices': [0, 11]}, {'text': 'TopStories', 'indices': [14, 25]}], 'symbols': [], 'user_mentions': [{'screen_name': 'KayhanLife', 'name': 'Kayhan Life', 'id': 765638818938621952, 'id_str': '765638818938621952', 'indices': [101, 112]}], 'urls': [{'url': 'https://t.co/WUVmDLLoAq', 'expanded_url': 'http://KAYHANLIFE.COM', 'display_url': 'KAYHANLIFE.COM', 'indices': [64, 87]}, {'url': 'https://t.co/PvLlICcaXw', 'expanded_url': 'https://twitter.com/i/web/status/1211021883862208513', 'display_url': 'twitter.com/i/web/status/1‚Ä¶', 'indices': [117, 140]}]}",FB
2019-12-23 16:10:08,1209144165642199040,#Facebook claims it has removed accounts operated by the website BL that are linked to The Epoch Media Group. They‚Ä¶ https://t.co/YiPHUqWeJ8,29097819,The Epoch Times,EpochTimes,"New York, USA",https://t.co/udZgeB9zvZ,"An independent, award-winning voice in print & online. Integrity & truthfulness in reporting. Email Sign up: https://t.co/OovwXvDr5L",,"{'hashtags': [{'text': 'Facebook', 'indices': [0, 9]}], 'symbols': [], 'user_mentions': [], 'urls': [{'url': 'https://t.co/YiPHUqWeJ8', 'expanded_url': 'https://twitter.com/i/web/status/1209144165642199040', 'display_url': 'twitter.com/i/web/status/1‚Ä¶', 'indices': [116, 139]}]}",FB
2019-12-21 01:39:00,1208200162578980870,#Facebook claims that it has removed accounts operated by the website BL that are linked to The Epoch Media Group.‚Ä¶ https://t.co/XTUN3h8r8H,29097819,The Epoch Times,EpochTimes,"New York, USA",https://t.co/udZgeB9zvZ,"An independent, award-winning voice in print & online. Integrity & truthfulness in reporting. Email Sign up: https://t.co/OovwXvDr5L",,"{'hashtags': [{'text': 'Facebook', 'indices': [0, 9]}], 'symbols': [], 'user_mentions': [], 'urls': [{'url': 'https://t.co/XTUN3h8r8H', 'expanded_url': 'https://twitter.com/i/web/status/1208200162578980870', 'display_url': 'twitter.com/i/web/status/1‚Ä¶', 'indices': [116, 139]}]}",FB
2019-12-24 01:33:15,1209285878243352576,"Just last month, in a Nov. 15, 2019, letter to @Facebook CEO Mark Zuckerberg, @RepJimBanks raised concerns about‚Ä¶ https://t.co/rgl4RXRR90",29097819,The Epoch Times,EpochTimes,"New York, USA",https://t.co/udZgeB9zvZ,"An independent, award-winning voice in print & online. Integrity & truthfulness in reporting. Email Sign up: https://t.co/OovwXvDr5L",,"{'hashtags': [], 'symbols': [], 'user_mentions': [{'screen_name': 'Facebook', 'name': 'Facebook', 'id': 2425151, 'id_str': '2425151', 'indices': [47, 56]}, {'screen_name': 'RepJimBanks', 'name': 'Jim Banks', 'id': 816131319033950208, 'id_str': '816131319033950208', 'indices': [78, 90]}], 'urls': [{'url': 'https://t.co/rgl4RXRR90', 'expanded_url': 'https://twitter.com/i/web/status/1209285878243352576', 'display_url': 'twitter.com/i/web/status/1‚Ä¶', 'indices': [114, 137]}]}",FB
2019-12-23 16:10:46,1209144326334406657,"In a Nov. 15 letter to @Facebook CEO Mark Zuckerberg, @RepJimBanks writes of #Facebook‚Äôs decision, ‚ÄúFacebook has re‚Ä¶ https://t.co/Plntv8Qo58",29097819,The Epoch Times,EpochTimes,"New York, USA",https://t.co/udZgeB9zvZ,"An independent, award-winning voice in print & online. Integrity & truthfulness in reporting. Email Sign up: https://t.co/OovwXvDr5L",,"{'hashtags': [{'text': 'Facebook', 'indices': [77, 86]}], 'symbols': [], 'user_mentions': [{'screen_name': 'Facebook', 'name': 'Facebook', 'id': 2425151, 'id_str': '2425151', 'indices': [23, 32]}, {'screen_name': 'RepJimBanks', 'name': 'Jim Banks', 'id': 816131319033950208, 'id_str': '816131319033950208', 'indices': [54, 66]}], 'urls': [{'url': 'https://t.co/Plntv8Qo58', 'expanded_url': 'https://twitter.com/i/web/status/1209144326334406657', 'display_url': 'twitter.com/i/web/status/1‚Ä¶', 'indices': [117, 140]}]}",FB
2019-12-22 18:03:05,1208810202843242496,"""#Facebook is reportedly working on its own operating system to reduce its dependence on Google‚Äôs Android OS &amp; Appl‚Ä¶ https://t.co/x3Ui6yi2BK",767396,amber mac,ambermac,Internet,https://t.co/xnwFxHNpD4,"Bestselling Author; Keynote Speaker; President, AmberMac Media; ü§ñ Co-host: The AI Effect, Marketing Disrupted & #TheFeed @siriusxm; TV Host; Sober since 2001",,"{'hashtags': [{'text': 'Facebook', 'indices': [1, 10]}], 'symbols': [], 'user_mentions': [], 'urls': [{'url': 'https://t.co/x3Ui6yi2BK', 'expanded_url': 'https://twitter.com/i/web/status/1208810202843242496', 'display_url': 'twitter.com/i/web/status/1‚Ä¶', 'indices': [121, 144]}]}",FB
2019-12-24 09:57:57,1209412892254228480,#Facebook registered more profit in Dublin than Irish state earned in tax from every company in Ireland put togethe‚Ä¶ https://t.co/TR24W7NIUD,14460241,Jon Williams,WilliamsJon,"Dublin, Ireland",https://t.co/wD1FX23Ice,"Managing Director @rtenews. Ex Managing/Foreign Editor @ABC, ex World Editor @BBC. Board member @PressFreedom, runner, bootcamper, traveller, Scouser",,"{'hashtags': [{'text': 'Facebook', 'indices': [0, 9]}], 'symbols': [], 'user_mentions': [], 'urls': [{'url': 'https://t.co/TR24W7NIUD', 'expanded_url': 'https://twitter.com/i/web/status/1209412892254228480', 'display_url': 'twitter.com/i/web/status/1‚Ä¶', 'indices': [117, 140]}]}",FB
2019-12-22 02:21:16,1208573186817871872,"My this review of film #Dabangg3 has been watched by one million people within 2 days!!
#YouTube 7 Lakhs!
#Facebook‚Ä¶ https://t.co/jhaJKKGxQ9",115622213,KRK,kamaalrkhan,"Mumbai, India",https://t.co/vjexUTRcue,"https://t.co/Ou8vSx2oKC, https://t.co/7szr2Xlz0W, TikTok-@Kamaalrkhankrk #Deshdrohi #EkVillain #BiggBoss3, creator of #2RSPPL hashtag",,"{'hashtags': [{'text': 'Dabangg3', 'indices': [23, 32]}, {'text': 'YouTube', 'indices': [88, 96]}, {'text': 'Facebook', 'indices': [106, 115]}], 'symbols': [], 'user_mentions': [], 'urls': [{'url': 'https://t.co/jhaJKKGxQ9', 'expanded_url': 'https://twitter.com/i/web/status/1208573186817871872', 'display_url': 'twitter.com/i/web/status/1‚Ä¶', 'indices': [117, 140]}]}",FB
2019-12-20 22:00:00,1208145049042726912,"Between mother-in-law drama and their own relationship woes, Chrissy and Jim have been through A LOT! 

Let's take‚Ä¶ https://t.co/S2RM6WbrMf",1025143662,Love & Hip Hop,loveandhiphop,NY + ATL + Hollywood + MIA,https://t.co/s6h8wzljRN,"Official Love & Hip Hop Twitter for #LHHNY üóΩ, #LHHATL üçë, #LHHH üé¨ & #LHHMIA ‚òÄÔ∏è! Catch new eps of #LHHNY MONDAYS at 8/7c üçé",,"{'hashtags': [], 'symbols': [], 'user_mentions': [], 'urls': [{'url': 'https://t.co/S2RM6WbrMf', 'expanded_url': 'https://twitter.com/i/web/status/1208145049042726912', 'display_url': 'twitter.com/i/web/status/1‚Ä¶', 'indices': [116, 139]}]}",FB
2019-12-23 01:38:20,1208924770101628928,"The Top 10 #Facebook Advertisement Hacks of 2020 ü§©

Know the Facebook Messenger ads and chatbot marketing strategie‚Ä¶ https://t.co/iiKWn932a9",17850785,Larry Kim,larrykim,"Boston, MA",https://t.co/lvIODUHxYS,"CEO @MobileMonkey, Founder @WordStream - Columnist @Inc, @Medium, @CNBC. Startups, AdWords, Chatbots. Popularized Unicorns in Marketing. 2 Boys. Christian.",,"{'hashtags': [{'text': 'Facebook', 'indices': [11, 20]}], 'symbols': [], 'user_mentions': [], 'urls': [{'url': 'https://t.co/iiKWn932a9', 'expanded_url': 'https://twitter.com/i/web/status/1208924770101628928', 'display_url': 'twitter.com/i/web/status/1‚Ä¶', 'indices': [117, 140]}]}",FB
2019-12-23 10:24:32,1209057194311852033,#FakeNews has become a global problem that challenges democratic institutions - and it's going nowhere in 2020.‚Ä¶ https://t.co/BhmLZkJYVB,569238628,BBC Monitoring,BBCMonitoring,"London, UK",https://t.co/M2Fs7p8fPh,"Tracking broadcast, press and social media sources in multiple languages from over 150 countries worldwide.",,"{'hashtags': [{'text': 'FakeNews', 'indices': [0, 9]}], 'symbols': [], 'user_mentions': [], 'urls': [{'url': 'https://t.co/BhmLZkJYVB', 'expanded_url': 'https://twitter.com/i/web/status/1209057194311852033', 'display_url': 'twitter.com/i/web/status/1‚Ä¶', 'indices': [113, 136]}]}",FB
2019-12-28 09:55:41,1210861870481117190,"Salman khan is reporting my tweets to #Twitter! Lol! Bhai I know the rules of #Twitter, So don‚Äôt worry. I won‚Äôt do‚Ä¶ https://t.co/UnN8U7nnTI",115622213,KRK,kamaalrkhan,"Mumbai, India",https://t.co/vjexUTRcue,"https://t.co/Ou8vSx2oKC, https://t.co/7szr2Xlz0W, TikTok-@Kamaalrkhankrk #Deshdrohi #EkVillain #BiggBoss3, creator of #2RSPPL hashtag",,"{'hashtags': [{'text': 'Twitter', 'indices': [38, 46]}, {'text': 'Twitter', 'indices': [78, 86]}], 'symbols': [], 'user_mentions': [], 'urls': [{'url': 'https://t.co/UnN8U7nnTI', 'expanded_url': 'https://twitter.com/i/web/status/1210861870481117190', 'display_url': 'twitter.com/i/web/status/1‚Ä¶', 'indices': [116, 139]}]}",TWTR
2019-12-28 09:08:46,1210850063477563392,I don‚Äôt know what is the purpose of #twitter repeatedly resorting to cutting of likes and RT counts. Sharing same t‚Ä¶ https://t.co/XjyET4GX1n,797452062627950592,Vipul Aggarwal IPS,ipsvipul_,"Ahmedabad, India",https://t.co/WXv66nWzGl,"A Doc üë®‚Äç‚öïÔ∏è turned Cop üëÆ‚Äç‚ôÇÔ∏è presently serving #MaruAmdavad, MBA, MA (English), Masters in Police Management, #FamilyMan...Views are personal, RT‚â†Endorsement",,"{'hashtags': [{'text': 'twitter', 'indices': [36, 44]}], 'symbols': [], 'user_mentions': [], 'urls': [{'url': 'https://t.co/XjyET4GX1n', 'expanded_url': 'https://twitter.com/i/web/status/1210850063477563392', 'display_url': 'twitter.com/i/web/status/1‚Ä¶', 'indices': [117, 140]}]}",TWTR
2019-12-28 13:36:00,1210917314612232192,"As 2019 comes to a close, we'd like to thank you for following us here on #Twitter. We hope you find our research v‚Ä¶ https://t.co/U1Wa5zQPXE",22642788,Pew Research Center,pewresearch,"Washington, DC",https://t.co/OBLpll8VR0,"Nonpartisan, non-advocacy data and analysis on the issues, attitudes and trends shaping the world. Subscribe: https://t.co/Kpq1V0w9bM ‚úâÔ∏è",,"{'hashtags': [{'text': 'Twitter', 'indices': [74, 82]}], 'symbols': [], 'user_mentions': [], 'urls': [{'url': 'https://t.co/U1Wa5zQPXE', 'expanded_url': 'https://twitter.com/i/web/status/1210917314612232192', 'display_url': 'twitter.com/i/web/status/1‚Ä¶', 'indices': [117, 140]}]}",TWTR
2019-12-24 21:46:19,1209591154557300746,#DaBaby had this to say via #Twitter after his arrest üëÄ @DaBabyDaBaby https://t.co/I2Cd7mhSDH,11912362,WORLDSTARHIPHOP,WORLDSTAR,USA,https://t.co/2BPCCZxWIX,Instagram- @Worldstar Snap- @RealWorldstar FB/YT- /Worldstarhiphop Submit your videos to Posters@Worldstarhiphop.com,,"{'hashtags': [{'text': 'DaBaby', 'indices': [0, 7]}, {'text': 'Twitter', 'indices': [28, 36]}], 'symbols': [], 'user_mentions': [{'screen_name': 'DaBabyDaBaby', 'name': 'DaBaby', 'id': 3004871415, 'id_str': '3004871415', 'indices': [56, 69]}], 'urls': [], 'media': [{'id': 1209591150228713475, 'id_str': '1209591150228713475', 'indices': [70, 93], 'media_url': 'http://pbs.twimg.com/media/EMlUvhDWsAMgGiW.jpg', 'media_url_https': 'https://pbs.twimg.com/media/EMlUvhDWsAMgGiW.jpg', 'url': 'https://t.co/I2Cd7mhSDH', 'display_url': 'pic.twitter.com/I2Cd7mhSDH', 'expanded_url': 'https://twitter.com/WORLDSTAR/status/1209591154557300746/photo/1', 'type': 'photo', 'sizes': {'large': {'w': 1242, 'h': 1134, 'resize': 'fit'}, 'thumb': {'w': 150, 'h': 150, 'resize': 'crop'}, 'medium': {'w': 1200, 'h': 1096, 'resize': 'fit'}, 'small': {'w': 680, 'h': 621, 'resize': 'fit'}}}]}",TWTR
2019-12-28 12:59:23,1210908101731405825,amongst the many new follows @HowieLongShort on @SInow  came up with for a #twitter #sportsbiz list is @terrylyons‚Ä¶ https://t.co/cznzZJYEkM,37547375,Joe Favorito,joefav,"Bergen County, New Jersey",http://t.co/P0laEWVUuL,"30 yr. vet. sports & entertainment marketing & PR consultant, blogger, Dir. of Industry Relations, Columbia University Sports Management https://t.co/5GhmFt4dxa",,"{'hashtags': [{'text': 'twitter', 'indices': [75, 83]}, {'text': 'sportsbiz', 'indices': [84, 94]}], 'symbols': [], 'user_mentions': [{'screen_name': 'HowieLongShort', 'name': 'JohnWallStreet', 'id': 889655273308254208, 'id_str': '889655273308254208', 'indices': [29, 44]}, {'screen_name': 'SInow', 'name': 'Sports Illustrated', 'id': 28370738, 'id_str': '28370738', 'indices': [48, 54]}, {'screen_name': 'terrylyons', 'name': 'Terry Lyons', 'id': 19820215, 'id_str': '19820215', 'indices': [103, 114]}], 'urls': [{'url': 'https://t.co/cznzZJYEkM', 'expanded_url': 'https://twitter.com/i/web/status/1210908101731405825', 'display_url': 'twitter.com/i/web/status/1‚Ä¶', 'indices': [116, 139]}]}",TWTR
2019-12-28 20:31:31,1211021883862208513,"#KayhanLife‚Äôs #TopStories for Saturday Dec. 28th, 2019.

Visit: https://t.co/WUVmDLLoAq 
and 
Follow @KayhanLife on‚Ä¶ https://t.co/PvLlICcaXw",765638818938621952,Kayhan Life,KayhanLife,"London, England",https://t.co/rIADWoiTBP,Kayhan Life is an English language media outlet with a spotlight on the global Iranian community.             RTs are not endorsements.,,"{'hashtags': [{'text': 'KayhanLife', 'indices': [0, 11]}, {'text': 'TopStories', 'indices': [14, 25]}], 'symbols': [], 'user_mentions': [{'screen_name': 'KayhanLife', 'name': 'Kayhan Life', 'id': 765638818938621952, 'id_str': '765638818938621952', 'indices': [101, 112]}], 'urls': [{'url': 'https://t.co/WUVmDLLoAq', 'expanded_url': 'http://KAYHANLIFE.COM', 'display_url': 'KAYHANLIFE.COM', 'indices': [64, 87]}, {'url': 'https://t.co/PvLlICcaXw', 'expanded_url': 'https://twitter.com/i/web/status/1211021883862208513', 'display_url': 'twitter.com/i/web/status/1‚Ä¶', 'indices': [117, 140]}]}",TWTR
2019-12-24 17:58:52,1209533915267919872,#BiggBoss13: #GautamGulati to enter Salman Khan show; asks fans to send messages for housemates on #Twitter‚Ä¶ https://t.co/KueSvTfE1k,3074769187,Catch News,CatchNews,"908, 9th Floor, Tower A1, Ansal Corporate Park, Sector 142, Noida",https://t.co/c2sFOLBGIa,A digital platform focussed on the ideas and events shaping our world.,,"{'hashtags': [{'text': 'BiggBoss13', 'indices': [0, 11]}, {'text': 'GautamGulati', 'indices': [13, 26]}, {'text': 'Twitter', 'indices': [99, 107]}], 'symbols': [], 'user_mentions': [], 'urls': [{'url': 'https://t.co/KueSvTfE1k', 'expanded_url': 'https://twitter.com/i/web/status/1209533915267919872', 'display_url': 'twitter.com/i/web/status/1‚Ä¶', 'indices': [109, 132]}]}",TWTR
2019-12-21 12:25:05,1208362752286351361,#Twitter on Saturday admitted a malicious code was inserted into its app by a bad actor that may have compromised s‚Ä¶ https://t.co/QFMSGxDcIt,20751449,The Hindu,the_hindu,"Chennai, India",http://t.co/s1JTQu1K46,News feeds from India's National Newspaper,,"{'hashtags': [{'text': 'Twitter', 'indices': [0, 8]}], 'symbols': [], 'user_mentions': [], 'urls': [{'url': 'https://t.co/QFMSGxDcIt', 'expanded_url': 'https://twitter.com/i/web/status/1208362752286351361', 'display_url': 'twitter.com/i/web/status/1‚Ä¶', 'indices': [117, 140]}]}",TWTR
2019-12-24 19:36:11,1209558408585785344,"MERRY CHRISTMAS EVERYONE!üéÑIf you haven't seen it yet, here's an early Christmas present for you...
100‚Ä¶ https://t.co/S3tkwbac8Q",829445006,RAF Music,RAFMusic,,https://t.co/p7qzAD74xu,The official Twitter account for Royal Air Force Music. https://t.co/7JlhUqOBfA https://t.co/3MtBYOLySp,,"{'hashtags': [], 'symbols': [], 'user_mentions': [], 'urls': [{'url': 'https://t.co/S3tkwbac8Q', 'expanded_url': 'https://twitter.com/i/web/status/1209558408585785344', 'display_url': 'twitter.com/i/web/status/1‚Ä¶', 'indices': [104, 127]}]}",TWTR
2019-12-23 14:05:10,1209112715840643073,People in similar occupations exhibit similar personality profiles. A study of #Twitter text assesses linguistic in‚Ä¶ https://t.co/8RYfU9OS1N,258847118,PNAS,PNASNews,"Washington, DC",http://t.co/b5nuGHLnSg,"Cutting edge news and reports from PNAS, one of the world's most-cited multidisciplinary scientific journals.",,"{'hashtags': [{'text': 'Twitter', 'indices': [79, 87]}], 'symbols': [], 'user_mentions': [], 'urls': [{'url': 'https://t.co/8RYfU9OS1N', 'expanded_url': 'https://twitter.com/i/web/status/1209112715840643073', 'display_url': 'twitter.com/i/web/status/1‚Ä¶', 'indices': [117, 140]}]}",TWTR
2019-12-26 12:10:03,1210170910306639878,"In yet another data breach on #Twitter, a researcher has claimed he matched 17 million phone numbers to user accoun‚Ä¶ https://t.co/xUIjFt2qiK",20751449,The Hindu,the_hindu,"Chennai, India",http://t.co/s1JTQu1K46,News feeds from India's National Newspaper,,"{'hashtags': [{'text': 'Twitter', 'indices': [30, 38]}], 'symbols': [], 'user_mentions': [], 'urls': [{'url': 'https://t.co/xUIjFt2qiK', 'expanded_url': 'https://twitter.com/i/web/status/1210170910306639878', 'display_url': 'twitter.com/i/web/status/1‚Ä¶', 'indices': [117, 140]}]}",TWTR
2019-12-25 01:10:02,1209642424462725120,Mr. Owaisi took to #Twitter and tweeted an image of a document purportedly showing that then Minister of State for‚Ä¶ https://t.co/VLTcilbst0,20751449,The Hindu,the_hindu,"Chennai, India",http://t.co/s1JTQu1K46,News feeds from India's National Newspaper,,"{'hashtags': [{'text': 'Twitter', 'indices': [19, 27]}], 'symbols': [], 'user_mentions': [], 'urls': [{'url': 'https://t.co/VLTcilbst0', 'expanded_url': 'https://twitter.com/i/web/status/1209642424462725120', 'display_url': 'twitter.com/i/web/status/1‚Ä¶', 'indices': [116, 139]}]}",TWTR
2019-12-23 10:24:32,1209057194311852033,#FakeNews has become a global problem that challenges democratic institutions - and it's going nowhere in 2020.‚Ä¶ https://t.co/BhmLZkJYVB,569238628,BBC Monitoring,BBCMonitoring,"London, UK",https://t.co/M2Fs7p8fPh,"Tracking broadcast, press and social media sources in multiple languages from over 150 countries worldwide.",,"{'hashtags': [{'text': 'FakeNews', 'indices': [0, 9]}], 'symbols': [], 'user_mentions': [], 'urls': [{'url': 'https://t.co/BhmLZkJYVB', 'expanded_url': 'https://twitter.com/i/web/status/1209057194311852033', 'display_url': 'twitter.com/i/web/status/1‚Ä¶', 'indices': [113, 136]}]}",TWTR
2019-12-23 09:57:52,1209050482309771265,"A warm tribute to poet, John Montague, who died three years ago. Montague was one of my literature teachers @UCC du‚Ä¶ https://t.co/cRJ9ubgbIK",1567967160,Daniel Mulhall,DanMulhall,Washington DC,https://t.co/C0LRTXmUal,Ireland's Ambassador to the USA @IrelandEmbUSA. Blogs: https://t.co/WvGbPVrcru  Hon. President @yeatssociety.,,"{'hashtags': [], 'symbols': [], 'user_mentions': [{'screen_name': 'UCC', 'name': 'UCC Ireland', 'id': 19705196, 'id_str': '19705196', 'indices': [108, 112]}], 'urls': [{'url': 'https://t.co/cRJ9ubgbIK', 'expanded_url': 'https://twitter.com/i/web/status/1209050482309771265', 'display_url': 'twitter.com/i/web/status/1‚Ä¶', 'indices': [117, 140]}]}",TWTR
2019-12-28 11:00:13,1210878110025076737,"The #GalaxyNote10's camera is amazing! üí•üì∑

#mobile #samsung #technology #galaxy #galaxynote10 #galaxynote10plus‚Ä¶ https://t.co/Wbm2FosK7m",382825817,SamMobile,SamMobiles,The Netherlands,https://t.co/dCRLA2xCre,"Official Twitter account of SamMobile. Biggest online Samsung community. We post news, reviews and updates. For questions please use our forums / contact page.",,"{'hashtags': [{'text': 'GalaxyNote10', 'indices': [4, 17]}, {'text': 'mobile', 'indices': [43, 50]}, {'text': 'samsung', 'indices': [51, 59]}, {'text': 'technology', 'indices': [60, 71]}, {'text': 'galaxy', 'indices': [72, 79]}, {'text': 'galaxynote10', 'indices': [80, 93]}, {'text': 'galaxynote10plus', 'indices': [94, 111]}], 'symbols': [], 'user_mentions': [], 'urls': [{'url': 'https://t.co/Wbm2FosK7m', 'expanded_url': 'https://twitter.com/i/web/status/1210878110025076737', 'display_url': 'twitter.com/i/web/status/1‚Ä¶', 'indices': [113, 136]}]}",005930.KS
2019-12-24 11:00:42,1209428680688177153,"The #GalaxyS10e is an excellent compact flagship phone!üòç

#mobile #samsung #technology #galaxy #galaxynote10‚Ä¶ https://t.co/GX07jw6Bhq",382825817,SamMobile,SamMobiles,The Netherlands,https://t.co/dCRLA2xCre,"Official Twitter account of SamMobile. Biggest online Samsung community. We post news, reviews and updates. For questions please use our forums / contact page.",,"{'hashtags': [{'text': 'GalaxyS10e', 'indices': [4, 15]}, {'text': 'mobile', 'indices': [58, 65]}, {'text': 'samsung', 'indices': [66, 74]}, {'text': 'technology', 'indices': [75, 86]}, {'text': 'galaxy', 'indices': [87, 94]}, {'text': 'galaxynote10', 'indices': [95, 108]}], 'symbols': [], 'user_mentions': [], 'urls': [{'url': 'https://t.co/GX07jw6Bhq', 'expanded_url': 'https://twitter.com/i/web/status/1209428680688177153', 'display_url': 'twitter.com/i/web/status/1‚Ä¶', 'indices': [110, 133]}]}",005930.KS
2019-12-23 05:00:14,1208975579774668800,"We love the #GalaxyNote10plus! üî•

#mobile #samsung #technology #galaxy #galaxynote10 #galaxys10plus #galaxys10‚Ä¶ https://t.co/wprBf3XHbG",382825817,SamMobile,SamMobiles,The Netherlands,https://t.co/dCRLA2xCre,"Official Twitter account of SamMobile. Biggest online Samsung community. We post news, reviews and updates. For questions please use our forums / contact page.",,"{'hashtags': [{'text': 'GalaxyNote10plus', 'indices': [12, 29]}, {'text': 'mobile', 'indices': [34, 41]}, {'text': 'samsung', 'indices': [42, 50]}, {'text': 'technology', 'indices': [51, 62]}, {'text': 'galaxy', 'indices': [63, 70]}, {'text': 'galaxynote10', 'indices': [71, 84]}, {'text': 'galaxys10plus', 'indices': [85, 99]}, {'text': 'galaxys10', 'indices': [100, 110]}], 'symbols': [], 'user_mentions': [], 'urls': [{'url': 'https://t.co/wprBf3XHbG', 'expanded_url': 'https://twitter.com/i/web/status/1208975579774668800', 'display_url': 'twitter.com/i/web/status/1‚Ä¶', 'indices': [112, 135]}]}",005930.KS
2019-12-28 08:22:11,1210838342989963264,"SHOCK : God apparently loves #Johnson!
Pope: God loves even those who make 'a complete mess of things' 
https://t.co/nyXH1PRPhC",1347250338,Richard Corbett,RCorbettMEP,Yorkshire,https://t.co/jDJLrNd8mQ,"Leader, Labour MEPs.
Yorks&Humber MEP.
Labour NEC.
GMB. EM. FRSA. LFC. GrimethorpeBand
Euromyth-debunker.
RT‚â†üëç. 
My ‚ÄòDoorstepEU‚Äô App: https://t.co/AprcIO6Clz",,"{'hashtags': [{'text': 'Johnson', 'indices': [29, 37]}], 'symbols': [], 'user_mentions': [], 'urls': [{'url': 'https://t.co/nyXH1PRPhC', 'expanded_url': 'https://www.theguardian.com/world/2019/dec/25/pope-god-loves-even-those-who-make-a-complete-mess-of-things?CMP=share_btn_tw', 'display_url': 'theguardian.com/world/2019/dec‚Ä¶', 'indices': [104, 127]}]}",JNJ
2019-12-27 13:05:02,1210547136187817984,And will #Johnson implement #EU legislation on this we have just passed to keep our children safe? Revealed: microp‚Ä¶ https://t.co/kvsUEdVYOE,829060856,Theresa Griffin MEP,TheresaMEP,North West England / Brussels,https://t.co/aESxUstIWM,Labour MEP for the North West of England. @EuroLabour Chair. President of @EUFORES_EU. Member of @EP_Industry and @EP_Transport.,"Place(_api=<tweepy.api.API object at 0x000001EE6C4DE5C8>, id='52bb236ce4bb9be1', url='https://api.twitter.com/1.1/geo/id/52bb236ce4bb9be1.json', place_type='city', name='Coventry', full_name='Coventry, England', country_code='GB', country='United Kingdom', contained_within=[], bounding_box=BoundingBox(_api=<tweepy.api.API object at 0x000001EE6C4DE5C8>, type='Polygon', coordinates=[[[-1.6128929, 52.3653979], [-1.4244104, 52.3653979], [-1.4244104, 52.458428], [-1.6128929, 52.458428]]]), attributes={})","{'hashtags': [{'text': 'Johnson', 'indices': [9, 17]}, {'text': 'EU', 'indices': [28, 31]}], 'symbols': [], 'user_mentions': [], 'urls': [{'url': 'https://t.co/kvsUEdVYOE', 'expanded_url': 'https://twitter.com/i/web/status/1210547136187817984', 'display_url': 'twitter.com/i/web/status/1‚Ä¶', 'indices': [117, 140]}]}",JNJ
2019-12-22 18:43:45,1208820438127841280,"Here‚Äôs what #Johnson‚Äôs real Brexit dividend looks likeüò¢

üá∫üá∏US defence buying our military assets
üá∫üá∏US pharma hiking‚Ä¶ https://t.co/L9BABnrMMM",1179455215,Ed Davey MP üî∂,EdwardJDavey,"Surbiton, UK",https://t.co/AeokYxIqDp,"#LibDems Acting Leader of Commons, MP for #Kingston & #Surbiton, former Sec of State #Energy & #ClimateChange, husband, father, campaigner on #ClimateEmergency",,"{'hashtags': [{'text': 'Johnson', 'indices': [12, 20]}], 'symbols': [], 'user_mentions': [], 'urls': [{'url': 'https://t.co/L9BABnrMMM', 'expanded_url': 'https://twitter.com/i/web/status/1208820438127841280', 'display_url': 'twitter.com/i/web/status/1‚Ä¶', 'indices': [117, 140]}]}",JNJ
2019-12-22 16:17:19,1208783586180112385,"The PM, the 'people's government' and the #Russian spy: the day after his historic election victory Boris #Johnson‚Ä¶ https://t.co/EQW6wqFMsc",29709009,Luke Harding,lukeharding1968,London,http://t.co/bmySStvXC9,"Writer, @Guardian journalist, author #1 New York Times best-selling book, ""Collusion: Secret Meetings, Dirty Money and How #Russia Helped Donald #Trump Win""",,"{'hashtags': [{'text': 'Russian', 'indices': [42, 50]}, {'text': 'Johnson', 'indices': [106, 114]}], 'symbols': [], 'user_mentions': [], 'urls': [{'url': 'https://t.co/EQW6wqFMsc', 'expanded_url': 'https://twitter.com/i/web/status/1208783586180112385', 'display_url': 'twitter.com/i/web/status/1‚Ä¶', 'indices': [116, 139]}]}",JNJ
2019-12-23 17:49:27,1209169160573476865,"#Johnson‚Äôs astonishing visit to flashy party of #Russian oligarch, straight after #GE19 election victory, raises fu‚Ä¶ https://t.co/G8EZNbFlCm",1347250338,Richard Corbett,RCorbettMEP,Yorkshire,https://t.co/jDJLrNd8mQ,"Leader, Labour MEPs.
Yorks&Humber MEP.
Labour NEC.
GMB. EM. FRSA. LFC. GrimethorpeBand
Euromyth-debunker.
RT‚â†üëç. 
My ‚ÄòDoorstepEU‚Äô App: https://t.co/AprcIO6Clz",,"{'hashtags': [{'text': 'Johnson', 'indices': [0, 8]}, {'text': 'Russian', 'indices': [48, 56]}, {'text': 'GE19', 'indices': [82, 87]}], 'symbols': [], 'user_mentions': [], 'urls': [{'url': 'https://t.co/G8EZNbFlCm', 'expanded_url': 'https://twitter.com/i/web/status/1209169160573476865', 'display_url': 'twitter.com/i/web/status/1‚Ä¶', 'indices': [117, 140]}]}",JNJ
2019-12-21 08:59:52,1208311109863784448,"My last short speech (this year) in the #EuropeanParliament , pointing out that #johnson ‚Äòs hard #Brexit is not the‚Ä¶ https://t.co/HYxMbZHiyE",1347250338,Richard Corbett,RCorbettMEP,Yorkshire,https://t.co/jDJLrNd8mQ,"Leader, Labour MEPs.
Yorks&Humber MEP.
Labour NEC.
GMB. EM. FRSA. LFC. GrimethorpeBand
Euromyth-debunker.
RT‚â†üëç. 
My ‚ÄòDoorstepEU‚Äô App: https://t.co/AprcIO6Clz",,"{'hashtags': [{'text': 'EuropeanParliament', 'indices': [40, 59]}, {'text': 'johnson', 'indices': [80, 88]}, {'text': 'Brexit', 'indices': [97, 104]}], 'symbols': [], 'user_mentions': [], 'urls': [{'url': 'https://t.co/HYxMbZHiyE', 'expanded_url': 'https://twitter.com/i/web/status/1208311109863784448', 'display_url': 'twitter.com/i/web/status/1‚Ä¶', 'indices': [117, 140]}]}",JNJ
2019-12-22 16:22:01,1208784766062993409,"@dansabbagh From our piece: ""On a busy day laced with history, #Johnson chose to celebrate with a foreign intellige‚Ä¶ https://t.co/ZepCPB32vw",29709009,Luke Harding,lukeharding1968,London,http://t.co/bmySStvXC9,"Writer, @Guardian journalist, author #1 New York Times best-selling book, ""Collusion: Secret Meetings, Dirty Money and How #Russia Helped Donald #Trump Win""",,"{'hashtags': [{'text': 'Johnson', 'indices': [63, 71]}], 'symbols': [], 'user_mentions': [{'screen_name': 'dansabbagh', 'name': 'Dan Sabbagh', 'id': 40212366, 'id_str': '40212366', 'indices': [0, 11]}], 'urls': [{'url': 'https://t.co/ZepCPB32vw', 'expanded_url': 'https://twitter.com/i/web/status/1208784766062993409', 'display_url': 'twitter.com/i/web/status/1‚Ä¶', 'indices': [117, 140]}]}",JNJ
2019-12-21 13:36:34,1208380742662852610,"Boris #Johnson‚Äôs victory over #Labour illustrates the power of propaganda - Roger Waters

https://t.co/YE3MZM0kzG",83638901,RT UK,RTUKnews,"London, England",https://t.co/Vn2idfP2XP,"RT UK broadcasts from its studio in London. Watch LIVE UK news, documentaries and talk shows. Get even more on our website.",,"{'hashtags': [{'text': 'Johnson', 'indices': [6, 14]}, {'text': 'Labour', 'indices': [30, 37]}], 'symbols': [], 'user_mentions': [], 'urls': [{'url': 'https://t.co/YE3MZM0kzG', 'expanded_url': 'https://on.rt.com/a7pn', 'display_url': 'on.rt.com/a7pn', 'indices': [90, 113]}]}",JNJ
2019-12-20 18:34:24,1208093308620345345,"In the next 24 months, #FedEx will either be acquired or lose an additional 40%+ in value. 

Likely acquirer =‚Ä¶ https://t.co/YVYF9DS2KV",9273802,Scott Galloway,profgalloway,NYC,https://t.co/7p9Sm7nKpx,Son of superhero (single mom) | Product of big government @ucla @berkeley | Prof Marketing @NYUStern | cohost Pivot podcast | sign up at https://t.co/57CtTLBpoc,,"{'hashtags': [{'text': 'FedEx', 'indices': [23, 29]}], 'symbols': [], 'user_mentions': [], 'urls': [{'url': 'https://t.co/YVYF9DS2KV', 'expanded_url': 'https://twitter.com/i/web/status/1208093308620345345', 'display_url': 'twitter.com/i/web/status/1‚Ä¶', 'indices': [112, 135]}]}",WMT
2019-12-21 21:10:04,1208494870681260033,A lack of innovation &amp; a competitor who can overwhelm enemies with cheap capital and Jedi mind tricks (#Amazon) hav‚Ä¶ https://t.co/r4NZ2CaNHX,9273802,Scott Galloway,profgalloway,NYC,https://t.co/7p9Sm7nKpx,Son of superhero (single mom) | Product of big government @ucla @berkeley | Prof Marketing @NYUStern | cohost Pivot podcast | sign up at https://t.co/57CtTLBpoc,,"{'hashtags': [{'text': 'Amazon', 'indices': [107, 114]}], 'symbols': [], 'user_mentions': [], 'urls': [{'url': 'https://t.co/r4NZ2CaNHX', 'expanded_url': 'https://twitter.com/i/web/status/1208494870681260033', 'display_url': 'twitter.com/i/web/status/1‚Ä¶', 'indices': [121, 144]}]}",WMT
2019-12-28 11:14:01,1210881584410312704,"üá∑üá∫üá∂üá¶On December 27, the MFA of #Russia hosted a ceremony for signing an Agreement between the Government of the Rus‚Ä¶ https://t.co/8K5Wqf8Ejb",255471924,MFA Russia üá∑üá∫,mfa_russia,Russia,https://t.co/vYkWEV8Ki8,Official twitter-account of the Ministry of Foreign Affairs of Russiaüá∑üá∫ | Visit country's account @Russia | –ü–æ-—Ä—É—Å—Å–∫–∏ @MID_RF | Cuenta en Espa√±ol @MAE_Rusia,,"{'hashtags': [{'text': 'Russia', 'indices': [31, 38]}], 'symbols': [], 'user_mentions': [], 'urls': [{'url': 'https://t.co/8K5Wqf8Ejb', 'expanded_url': 'https://twitter.com/i/web/status/1210881584410312704', 'display_url': 'twitter.com/i/web/status/1‚Ä¶', 'indices': [117, 140]}]}",V
2019-12-26 10:32:43,1210146417328701441,"Step 1: Take in some of the kingdom‚Äôs most awe-inspiring landscapes.

Step 2: Apply for your tourist #visa to see t‚Ä¶ https://t.co/vJf2mkBFLJ",1173595451481829379,Visit Saudi,VisitSaudiNow,Saudi Arabia,https://t.co/firXQOV2iY,#WelcomeToArabia. The official tourism account for Saudi Arabia,,"{'hashtags': [{'text': 'visa', 'indices': [101, 106]}], 'symbols': [], 'user_mentions': [], 'urls': [{'url': 'https://t.co/vJf2mkBFLJ', 'expanded_url': 'https://twitter.com/i/web/status/1210146417328701441', 'display_url': 'twitter.com/i/web/status/1‚Ä¶', 'indices': [117, 140]}]}",V
2019-12-27 21:10:17,1210669250794446848,"Time it took to reach $50 billion in annual revenue:

Citigroup: 185 years
AT&amp;T: 114 years
UPS: 98 years
Disney: 91‚Ä¶ https://t.co/llkhHzoM7f",164425558,Jon Erlichman,JonErlichman,IG: @jonerlichman,https://t.co/mMXSmkvudj,"Anchor, ‚ÄúThe Open‚Äù @BNNBloomberg 8:30am to 11am. @CTVNationalNews correspondent & fill-in anchor. Host, @CTV celebrity entrepreneur show ‚ÄúSidelines""",,"{'hashtags': [], 'symbols': [], 'user_mentions': [], 'urls': [{'url': 'https://t.co/llkhHzoM7f', 'expanded_url': 'https://twitter.com/i/web/status/1210669250794446848', 'display_url': 'twitter.com/i/web/status/1‚Ä¶', 'indices': [121, 144]}]}",T
2019-12-28 13:01:08,1210908539314753536,"üèà GAME DAY üèà
üèÜ @CottonBowlGame 
üÜö Penn State
üïö 11 AM
üìç AT&amp;T Stadium - Arlington, Texas
üì∫ ESPN
üîä‚Ä¶ https://t.co/dsJOGNNmjo",3300755069,Memphis Football,MemphisFB,"Memphis, Tenn.",https://t.co/GJzzWaxGTO,The Official Twitter Account of the University of Memphis Football Team.,,"{'hashtags': [], 'symbols': [], 'user_mentions': [{'screen_name': 'CottonBowlGame', 'name': 'Goodyear Cotton Bowl Classic', 'id': 18428675, 'id_str': '18428675', 'indices': [15, 30]}], 'urls': [{'url': 'https://t.co/dsJOGNNmjo', 'expanded_url': 'https://twitter.com/i/web/status/1210908539314753536', 'display_url': 'twitter.com/i/web/status/1‚Ä¶', 'indices': [101, 124]}]}",T
2019-12-28 00:46:01,1210723543824003072,Our name is on the field at AT&amp;T Stadium! #GoTIgersGo #100PercentMemphis https://t.co/l7AMc3QN0Z,33656245,Memphis Tigers,TigersAthletics,"Memphis, TN",http://t.co/e6aSL33haX,Official Twitter account of Memphis Tigers Athletics. Facebook: Memphis Tigers. Instagram: memphisathletics. Official hashtag: #GoTigersGo,,"{'hashtags': [{'text': 'GoTIgersGo', 'indices': [46, 57]}, {'text': '100PercentMemphis', 'indices': [58, 76]}], 'symbols': [], 'user_mentions': [], 'urls': [], 'media': [{'id': 1210723373728165889, 'id_str': '1210723373728165889', 'indices': [77, 100], 'media_url': 'http://pbs.twimg.com/ext_tw_video_thumb/1210723373728165889/pu/img/xWvT3Ls-8tGSH4td.jpg', 'media_url_https': 'https://pbs.twimg.com/ext_tw_video_thumb/1210723373728165889/pu/img/xWvT3Ls-8tGSH4td.jpg', 'url': 'https://t.co/l7AMc3QN0Z', 'display_url': 'pic.twitter.com/l7AMc3QN0Z', 'expanded_url': 'https://twitter.com/TigersAthletics/status/1210723543824003072/video/1', 'type': 'photo', 'sizes': {'thumb': {'w': 150, 'h': 150, 'resize': 'crop'}, 'medium': {'w': 1200, 'h': 675, 'resize': 'fit'}, 'small': {'w': 680, 'h': 383, 'resize': 'fit'}, 'large': {'w': 1280, 'h': 720, 'resize': 'fit'}}}]}",T
2019-12-27 19:49:20,1210648881048031237,"To make playoffs, Cowboys need to win and have Giants win. Dak Prescott joked he'll be wearing a Saquon Barkley jer‚Ä¶ https://t.co/y9iNDMCKw6",1602480314,Jori Epstein,JoriEpstein,"Dallas, TX",https://t.co/ZHdqbI6guV,"@USATODAY Cowboys, NFL reporter by way of @dallasnews, @SInow. I root for good stories, intact ACLs and kosher chicken in the press box ‚úâ: jepstein@usatoday.com",,"{'hashtags': [], 'symbols': [], 'user_mentions': [], 'urls': [{'url': 'https://t.co/y9iNDMCKw6', 'expanded_url': 'https://twitter.com/i/web/status/1210648881048031237', 'display_url': 'twitter.com/i/web/status/1‚Ä¶', 'indices': [117, 140]}]}",T
2019-12-27 18:01:00,1210621616289304577,"When corporations and the top 1% look to cut costs, they go after our unions. That's exactly what's happening as Pa‚Ä¶ https://t.co/yef2j9EK72",887704019296276482,J.D. Scholten,JDScholten,"POB 3531 Sioux City, IA 51102",https://t.co/omZPq72UiX,Iowa born and raised. Former ‚öæÔ∏è player & 2020 Democratic candidate for Congress against Steve King in #IA04.,,"{'hashtags': [], 'symbols': [], 'user_mentions': [], 'urls': [{'url': 'https://t.co/yef2j9EK72', 'expanded_url': 'https://twitter.com/i/web/status/1210621616289304577', 'display_url': 'twitter.com/i/web/status/1‚Ä¶', 'indices': [117, 140]}]}",T
2019-12-27 22:38:30,1210691451752988673,"Here's an idea of what we're up against.

My opponent has taken:
ü§¢$3,000 from AT&amp;T
ü§¢$1,000 from Wells Fargo
ü§¢$3,500‚Ä¶ https://t.co/Zt5DGWzmk4",102795158,Eva Putzova üèúÔ∏è,EvaPutzova,"Flagstaff, AZ",https://t.co/C5B5cZQ8y6,Progressive running for Congress in AZ-01 | @CongressEva | Fmr Flagstaff City Councilmember | @BrandNew535 2020 slate | Donate here: https://t.co/zEh20Zj0XX,,"{'hashtags': [], 'symbols': [], 'user_mentions': [], 'urls': [{'url': 'https://t.co/Zt5DGWzmk4', 'expanded_url': 'https://twitter.com/i/web/status/1210691451752988673', 'display_url': 'twitter.com/i/web/status/1‚Ä¶', 'indices': [121, 144]}]}",T
2019-12-28 15:30:00,1210946003685261312,"Tune In: @CottonBowlGame 
üìç: AT&amp;T Stadium
‚è∞: Noon Kickoff EST
üì∫: ESPN

#WeAre https://t.co/YFCxZXPopV",53103297,Penn State Football,PennStateFball,"University Park, PA",https://t.co/tjoiWyl7DD,The official Twitter account of Penn State Football #WeAre #PSUnrivaled,,"{'hashtags': [{'text': 'WeAre', 'indices': [75, 81]}], 'symbols': [], 'user_mentions': [{'screen_name': 'CottonBowlGame', 'name': 'Goodyear Cotton Bowl Classic', 'id': 18428675, 'id_str': '18428675', 'indices': [9, 24]}], 'urls': [], 'media': [{'id': 1210672753789014017, 'id_str': '1210672753789014017', 'indices': [82, 105], 'media_url': 'http://pbs.twimg.com/media/EM0sdITWkAENW5G.jpg', 'media_url_https': 'https://pbs.twimg.com/media/EM0sdITWkAENW5G.jpg', 'url': 'https://t.co/YFCxZXPopV', 'display_url': 'pic.twitter.com/YFCxZXPopV', 'expanded_url': 'https://twitter.com/PennStateFball/status/1210946003685261312/photo/1', 'type': 'photo', 'sizes': {'large': {'w': 1920, 'h': 1080, 'resize': 'fit'}, 'thumb': {'w': 150, 'h': 150, 'resize': 'crop'}, 'small': {'w': 680, 'h': 383, 'resize': 'fit'}, 'medium': {'w': 1200, 'h': 675, 'resize': 'fit'}}}]}",T
2019-12-28 15:42:20,1210949106841075713,"Tiger Blue has taken over AT&amp;T Stadium. 

I can‚Äôt wait for this game #CottonBowl https://t.co/Gir6zq6vTI",243721860,Chris Luther,cluther_wmc5,"Memphis, TN",https://t.co/v5ZxchnoFE,Reporter at https://t.co/N8yS4TJTxL | @SyracuseU grad | Avid Sports Idiot | Still Not MARRIED Pod w/ @Local24Jessica | Listen here: https://t.co/qnDYZvPJpk,,"{'hashtags': [{'text': 'CottonBowl', 'indices': [73, 84]}], 'symbols': [], 'user_mentions': [], 'urls': [], 'media': [{'id': 1210948887516766208, 'id_str': '1210948887516766208', 'indices': [85, 108], 'media_url': 'http://pbs.twimg.com/ext_tw_video_thumb/1210948887516766208/pu/img/FMwPpiG-idAgByuk.jpg', 'media_url_https': 'https://pbs.twimg.com/ext_tw_video_thumb/1210948887516766208/pu/img/FMwPpiG-idAgByuk.jpg', 'url': 'https://t.co/Gir6zq6vTI', 'display_url': 'pic.twitter.com/Gir6zq6vTI', 'expanded_url': 'https://twitter.com/cluther_wmc5/status/1210949106841075713/video/1', 'type': 'photo', 'sizes': {'thumb': {'w': 150, 'h': 150, 'resize': 'crop'}, 'medium': {'w': 1200, 'h': 675, 'resize': 'fit'}, 'small': {'w': 680, 'h': 383, 'resize': 'fit'}, 'large': {'w': 1280, 'h': 720, 'resize': 'fit'}}}]}",T
2019-12-28 21:01:07,1211029331868180481,The basic gist of the 2008 lawsuit was to stop the govt from illegally spying on its citizens via means of tapping‚Ä¶ https://t.co/mab28JpMmy,247981000,Nick Short üá∫üá∏,PoliticalShort,United States ,,nshort@protonmail.com,,"{'hashtags': [], 'symbols': [], 'user_mentions': [], 'urls': [{'url': 'https://t.co/mab28JpMmy', 'expanded_url': 'https://twitter.com/i/web/status/1211029331868180481', 'display_url': 'twitter.com/i/web/status/1‚Ä¶', 'indices': [116, 139]}]}",T
2019-12-27 23:00:57,1210697100868100096,Join us Dec. 28 starting at 8 AM in the AT&amp;T Plaza. The Memphis Tigers pep rally starts at 8:30 AM and features the‚Ä¶ https://t.co/hmPjH3u5Q1,3300755069,Memphis Football,MemphisFB,"Memphis, Tenn.",https://t.co/GJzzWaxGTO,The Official Twitter Account of the University of Memphis Football Team.,,"{'hashtags': [], 'symbols': [], 'user_mentions': [], 'urls': [{'url': 'https://t.co/hmPjH3u5Q1', 'expanded_url': 'https://twitter.com/i/web/status/1210697100868100096', 'display_url': 'twitter.com/i/web/status/1‚Ä¶', 'indices': [121, 144]}]}",T
2019-12-28 05:00:00,1210787459753238529,"Yee Haw, it's GAMEDAY

Penn State faces Memphis in the Cotton Bowl at AT&amp;T Stadium in Dallas https://t.co/XnVhVdcCwG",16084829,The Daily Collegian,DailyCollegian,"State College, Pa.",https://t.co/BQgYdfYmdj,Independent student news outlet bringing you the latest from the Penn State community since 1887. Got news? Tweet at us.,,"{'hashtags': [], 'symbols': [], 'user_mentions': [], 'urls': [], 'media': [{'id': 1210786946710028289, 'id_str': '1210786946710028289', 'indices': [97, 120], 'media_url': 'http://pbs.twimg.com/media/EM2UUCFUwAExaG0.jpg', 'media_url_https': 'https://pbs.twimg.com/media/EM2UUCFUwAExaG0.jpg', 'url': 'https://t.co/XnVhVdcCwG', 'display_url': 'pic.twitter.com/XnVhVdcCwG', 'expanded_url': 'https://twitter.com/DailyCollegian/status/1210787459753238529/photo/1', 'type': 'photo', 'sizes': {'thumb': {'w': 150, 'h': 150, 'resize': 'crop'}, 'large': {'w': 1024, 'h': 512, 'resize': 'fit'}, 'medium': {'w': 1024, 'h': 512, 'resize': 'fit'}, 'small': {'w': 680, 'h': 340, 'resize': 'fit'}}}]}",T
2019-12-27 14:01:52,1210561435648110592,What a decade of Netflix did to the media world https://t.co/2kRoiFfs3x via @bopinion,34713362,Bloomberg,business,New York and the World,http://t.co/YFISwy1upH,The first word in business news.,,"{'hashtags': [], 'symbols': [], 'user_mentions': [{'screen_name': 'bopinion', 'name': 'Bloomberg Opinion', 'id': 227682918, 'id_str': '227682918', 'indices': [76, 85]}], 'urls': [{'url': 'https://t.co/2kRoiFfs3x', 'expanded_url': 'https://bloom.bg/2t2PYq5', 'display_url': 'bloom.bg/2t2PYq5', 'indices': [48, 71]}]}",T
2019-12-28 15:01:19,1210938787695661060,Gates are open at AT&amp;T Stadium. Time for the @CottonBowlGame https://t.co/J1ZT65pdeC,3300755069,Memphis Football,MemphisFB,"Memphis, Tenn.",https://t.co/GJzzWaxGTO,The Official Twitter Account of the University of Memphis Football Team.,,"{'hashtags': [], 'symbols': [], 'user_mentions': [{'screen_name': 'CottonBowlGame', 'name': 'Goodyear Cotton Bowl Classic', 'id': 18428675, 'id_str': '18428675', 'indices': [49, 64]}], 'urls': [], 'media': [{'id': 1210938784780554243, 'id_str': '1210938784780554243', 'indices': [65, 88], 'media_url': 'http://pbs.twimg.com/media/EM4eaK-WkAM7F3O.jpg', 'media_url_https': 'https://pbs.twimg.com/media/EM4eaK-WkAM7F3O.jpg', 'url': 'https://t.co/J1ZT65pdeC', 'display_url': 'pic.twitter.com/J1ZT65pdeC', 'expanded_url': 'https://twitter.com/MemphisFB/status/1210938787695661060/photo/1', 'type': 'photo', 'sizes': {'medium': {'w': 1200, 'h': 927, 'resize': 'fit'}, 'thumb': {'w': 150, 'h': 150, 'resize': 'crop'}, 'large': {'w': 1500, 'h': 1159, 'resize': 'fit'}, 'small': {'w': 680, 'h': 525, 'resize': 'fit'}}}]}",T
2019-12-28 15:18:54,1210943211000254466,"üìç AT&amp;T Stadium

#WeAre https://t.co/e5M2FiSAxx",53103297,Penn State Football,PennStateFball,"University Park, PA",https://t.co/tjoiWyl7DD,The official Twitter account of Penn State Football #WeAre #PSUnrivaled,"Place(_api=<tweepy.api.API object at 0x000001EE6C4DE5C8>, id='6e315e1f96e0450a', url='https://api.twitter.com/1.1/geo/id/6e315e1f96e0450a.json', place_type='city', name='Arlington', full_name='Arlington, TX', country_code='US', country='United States', contained_within=[], bounding_box=BoundingBox(_api=<tweepy.api.API object at 0x000001EE6C4DE5C8>, type='Polygon', coordinates=[[[-97.233811, 32.586565], [-97.037464, 32.586565], [-97.037464, 32.817135], [-97.233811, 32.817135]]]), attributes={})","{'hashtags': [{'text': 'WeAre', 'indices': [20, 26]}], 'symbols': [], 'user_mentions': [], 'urls': [], 'media': [{'id': 1210943112278945794, 'id_str': '1210943112278945794', 'indices': [27, 50], 'media_url': 'http://pbs.twimg.com/ext_tw_video_thumb/1210943112278945794/pu/img/purg8J_UBtm1mYPp.jpg', 'media_url_https': 'https://pbs.twimg.com/ext_tw_video_thumb/1210943112278945794/pu/img/purg8J_UBtm1mYPp.jpg', 'url': 'https://t.co/e5M2FiSAxx', 'display_url': 'pic.twitter.com/e5M2FiSAxx', 'expanded_url': 'https://twitter.com/PennStateFball/status/1210943211000254466/video/1', 'type': 'photo', 'sizes': {'thumb': {'w': 150, 'h': 150, 'resize': 'crop'}, 'small': {'w': 383, 'h': 680, 'resize': 'fit'}, 'large': {'w': 720, 'h': 1280, 'resize': 'fit'}, 'medium': {'w': 675, 'h': 1200, 'resize': 'fit'}}}]}",T
2019-12-27 16:45:55,1210602720698228736,Yup. AT&amp;T pretended to support net neutrality. DirecTV customers got pop-ups on their screens to write to the FCC t‚Ä¶ https://t.co/Vam4URU3Zc,10834752,Arvind Narayanan,random_walker,"Princeton, NJ",http://t.co/gom6hTWCuB,"Princeton prof. I use Twitter to share my research & commentary on surveillance capitalism, infosec, cryptocurrencies, AI ethics, tech policy, & academic life.",,"{'hashtags': [], 'symbols': [], 'user_mentions': [], 'urls': [{'url': 'https://t.co/Vam4URU3Zc', 'expanded_url': 'https://twitter.com/i/web/status/1210602720698228736', 'display_url': 'twitter.com/i/web/status/1‚Ä¶', 'indices': [121, 144]}]}",T
