Date,Entities,ID,Stock Symbol,Tweet,User description,User id,User location,User name,User screen name,User url,place
2019-12-27 20:07:00,"{'hashtags': [{'text': 'Google', 'indices': [0, 7]}, {'text': 'IqbalBano', 'indices': [23, 33]}, {'text': 'ARYNews', 'indices': [48, 56]}], 'symbols': [], 'user_mentions': [], 'urls': [{'url': 'https://t.co/Fw8ndZW05z', 'expanded_url': 'https://arynews.tv/en/google-tribute-iqbal-bano/', 'display_url': 'arynews.tv/en/google-trib‚Ä¶', 'indices': [58, 81]}]}",1210653325055553536,"GOOG, GOOGL","#Google pays homage to #IqbalBano with a doodle
#ARYNews

https://t.co/Fw8ndZW05z",ARY News is a Pakistani news channel committed to bring you up-to-the minute news & featured stories from around Pakistan & all over the world.,1430793200,"Karachi,Pakistan",ARY News,ARYNEWSOFFICIAL,https://t.co/Yi7661wvTN,
2019-12-22 17:29:55,"{'hashtags': [{'text': 'GRAMMYs', 'indices': [59, 67]}, {'text': 'Google', 'indices': [88, 95]}], 'symbols': [], 'user_mentions': [{'screen_name': 'JLo', 'name': 'Jennifer Lopez', 'id': 85603854, 'id_str': '85603854', 'indices': [9, 13]}, {'screen_name': 'Versace', 'name': 'VERSACE', 'id': 72568426, 'id_str': '72568426', 'indices': [37, 45]}], 'urls': [{'url': 'https://t.co/fDEmuMYnjD', 'expanded_url': 'https://twitter.com/i/web/status/1208801855184130048', 'display_url': 'twitter.com/i/web/status/1‚Ä¶', 'indices': [117, 140]}]}",1208801855184130048,"GOOG, GOOGL","In 2000, @JLo wore a plunging, green @Versace dress to the #GRAMMYs that caused so many #Google searches that the c‚Ä¶ https://t.co/fDEmuMYnjD","Celebrating music through the #GRAMMYs. Fostering a stronger and more inspiring world for creators through @GRAMMYAdvocacy, @MusiCares, and the @GRAMMYMuseum.",17243213,Santa Monica,Recording Academy / GRAMMYs,RecordingAcad,https://t.co/oEXNMmpAuB,
2019-12-24 00:40:00,"{'hashtags': [{'text': 'China', 'indices': [0, 6]}, {'text': 'Huawei', 'indices': [9, 16]}, {'text': 'Google', 'indices': [42, 49]}, {'text': 'India', 'indices': [62, 68]}], 'symbols': [], 'user_mentions': [], 'urls': [{'url': 'https://t.co/VvC5lVETks', 'expanded_url': 'https://on.rt.com/a7st', 'display_url': 'on.rt.com/a7st', 'indices': [84, 107]}], 'media': [{'id': 1209141296050429954, 'id_str': '1209141296050429954', 'indices': [108, 131], 'media_url': 'http://pbs.twimg.com/tweet_video_thumb/EMe7mjpXYAIpk3S.jpg', 'media_url_https': 'https://pbs.twimg.com/tweet_video_thumb/EMe7mjpXYAIpk3S.jpg', 'url': 'https://t.co/gR5AZjGSmd', 'display_url': 'pic.twitter.com/gR5AZjGSmd', 'expanded_url': 'https://twitter.com/RT_com/status/1209272476452163584/photo/1', 'type': 'photo', 'sizes': {'thumb': {'w': 150, 'h': 150, 'resize': 'crop'}, 'medium': {'w': 396, 'h': 300, 'resize': 'fit'}, 'large': {'w': 396, 'h': 300, 'resize': 'fit'}, 'small': {'w': 396, 'h': 300, 'resize': 'fit'}}}]}",1209272476452163584,"GOOG, GOOGL","#China‚Äôs #Huawei to create alternative to #Google services in #India by year‚Äôs end

https://t.co/VvC5lVETks https://t.co/gR5AZjGSmd","RT, the global news network, broadcasts from Moscow, London, Paris and Washington studios to over 100 countries.",64643056,,RT,RT_com,http://t.co/bDDyvy9DmR,
2019-12-21 18:09:44,"{'hashtags': [{'text': 'Google', 'indices': [82, 89]}, {'text': 'Chrome', 'indices': [90, 97]}], 'symbols': [], 'user_mentions': [{'screen_name': '21WIRE', 'name': 'Patrick Henningsen', 'id': 16936686, 'id_str': '16936686', 'indices': [25, 32]}], 'urls': [{'url': 'https://t.co/S5qyZ4wQ5j', 'expanded_url': 'https://twitter.com/i/web/status/1208449486529400837', 'display_url': 'twitter.com/i/web/status/1‚Ä¶', 'indices': [117, 140]}]}",1208449486529400837,"GOOG, GOOGL","In 2019, over a thousand @21WIRE readers and listeners made the decision to ditch #Google #Chrome and start surfing‚Ä¶ https://t.co/S5qyZ4wQ5j","Independent global affairs analyst, journalist, radio host, TV broadcaster, and fierce critic of mainstream media propaganda. https://t.co/BuMzdr7JNy",16936686,USA,Patrick Henningsen,21WIRE,https://t.co/d5hUBp5d8M,
2019-12-23 16:20:01,"{'hashtags': [{'text': 'technology', 'indices': [98, 109]}], 'symbols': [], 'user_mentions': [], 'urls': [{'url': 'https://t.co/O56jnOVxt1', 'expanded_url': 'https://andauth.co/l3JBkq', 'display_url': 'andauth.co/l3JBkq', 'indices': [73, 96]}, {'url': 'https://t.co/gSr6n1yXwQ', 'expanded_url': 'https://twitter.com/i/web/status/1209146652646420480', 'display_url': 'twitter.com/i/web/status/1‚Ä¶', 'indices': [111, 134]}]}",1209146652646420480,"GOOG, GOOGL","Google‚Äôs Recorder app is like magic, but here‚Äôs how it works.
Read more: https://t.co/O56jnOVxt1

#technology‚Ä¶ https://t.co/gSr6n1yXwQ",https://t.co/V0a08spYa4 - Your source for all things Android!,95438524,,Android Authority,AndroidAuth,https://t.co/zuzeGMgjgP,
2019-12-23 14:28:00,"{'hashtags': [{'text': 'Google', 'indices': [14, 21]}, {'text': 'BERT', 'indices': [26, 31]}, {'text': 'GSC', 'indices': [108, 112]}], 'symbols': [], 'user_mentions': [], 'urls': [{'url': 'https://t.co/4XqnzP7C6p', 'expanded_url': 'https://twitter.com/i/web/status/1209118463396139010', 'display_url': 'twitter.com/i/web/status/1‚Ä¶', 'indices': [117, 140]}]}",1209118463396139010,"GOOG, GOOGL","What's new in #Google?

üÜï #BERT expanded into 70 languages
üÜï Google updated Search Quality Guidelines
üÜï New #GSC me‚Ä¶ https://t.co/4XqnzP7C6p",Be a digital marketing rock star with SEMrush! Follow us for the best industry updates & tips and connect with top influencers via our weekly #SEMrushchat,21896072,"Boston, MA",SEMrush,semrush,https://t.co/JjZxAQAL1F,
2019-12-25 12:29:36,"{'hashtags': [{'text': 'technology', 'indices': [104, 115]}], 'symbols': [], 'user_mentions': [], 'urls': [{'url': 'https://t.co/pnmIhonCUW', 'expanded_url': 'https://andauth.co/7rXlBz', 'display_url': 'andauth.co/7rXlBz', 'indices': [79, 102]}, {'url': 'https://t.co/shY0YRHlp2', 'expanded_url': 'https://twitter.com/i/web/status/1209813442389061632', 'display_url': 'twitter.com/i/web/status/1‚Ä¶', 'indices': [117, 140]}]}",1209813442389061632,"GOOG, GOOGL","From Pixel 4 XL to the Pixel 2 XL: What I learned from downgrading.
Read more: https://t.co/pnmIhonCUW

#technology‚Ä¶ https://t.co/shY0YRHlp2",https://t.co/V0a08spYa4 - Your source for all things Android!,95438524,,Android Authority,AndroidAuth,https://t.co/zuzeGMgjgP,
2019-12-23 01:45:03,"{'hashtags': [{'text': 'tech', 'indices': [74, 79]}, {'text': 'internet', 'indices': [80, 89]}, {'text': 'amazon', 'indices': [90, 97]}, {'text': 'microsoft', 'indices': [98, 108]}, {'text': 'google', 'indices': [109, 116]}], 'symbols': [], 'user_mentions': [], 'urls': [], 'media': [{'id': 1208926458434994177, 'id_str': '1208926458434994177', 'indices': [117, 140], 'media_url': 'http://pbs.twimg.com/media/EMb4NXKWwAEbF0S.jpg', 'media_url_https': 'https://pbs.twimg.com/media/EMb4NXKWwAEbF0S.jpg', 'url': 'https://t.co/4EPehZs5XV', 'display_url': 'pic.twitter.com/4EPehZs5XV', 'expanded_url': 'https://twitter.com/leadlagreport/status/1208926460423086080/photo/1', 'type': 'photo', 'sizes': {'thumb': {'w': 150, 'h': 150, 'resize': 'crop'}, 'medium': {'w': 1070, 'h': 1075, 'resize': 'fit'}, 'large': {'w': 1070, 'h': 1075, 'resize': 'fit'}, 'small': {'w': 677, 'h': 680, 'resize': 'fit'}}}]}",1208926460423086080,"GOOG, GOOGL",20 years of internet giants. So much change even in just the past decade. #tech #internet #amazon #microsoft #google https://t.co/4EPehZs5XV,Portfolio Manager. Award Winning Author of The Lead-Lag Report. Songwriter for @FortunateFall03. Founder of @HowUdish. Occasionally funny. RT ‚â† endorsements.,227755413,"New York, NY","Michael A. Gayed, CFA",leadlagreport,https://t.co/oHoplhSRCc,
2019-12-23 00:01:37,"{'hashtags': [{'text': 'Google', 'indices': [55, 62]}, {'text': 'YearInSearch2019', 'indices': [63, 80]}], 'symbols': [], 'user_mentions': [], 'urls': [], 'media': [{'id': 1208885737304645632, 'id_str': '1208885737304645632', 'indices': [81, 104], 'media_url': 'http://pbs.twimg.com/ext_tw_video_thumb/1208885737304645632/pu/img/X_h-UlcbMby1FY0o.jpg', 'media_url_https': 'https://pbs.twimg.com/ext_tw_video_thumb/1208885737304645632/pu/img/X_h-UlcbMby1FY0o.jpg', 'url': 'https://t.co/tutUJ25z2i', 'display_url': 'pic.twitter.com/tutUJ25z2i', 'expanded_url': 'https://twitter.com/giewahyudi/status/1208886274074873856/video/1', 'type': 'photo', 'sizes': {'thumb': {'w': 150, 'h': 150, 'resize': 'crop'}, 'medium': {'w': 1200, 'h': 675, 'resize': 'fit'}, 'small': {'w': 680, 'h': 383, 'resize': 'fit'}, 'large': {'w': 1280, 'h': 720, 'resize': 'fit'}}, 'source_status_id': 1208886274074873856, 'source_status_id_str': '1208886274074873856', 'source_user_id': 75022223, 'source_user_id_str': '75022223'}]}",1208900429112889346,"GOOG, GOOGL","Best commercial of 2019, the decade, and of all time.  #Google #YearInSearch2019 https://t.co/tutUJ25z2i",Agent @TheMontagGroup. GM of @BoeheimsArmy. RTs=Endorsements.,55695337,NYC,Kevin Belbey,KevinBelbey,https://t.co/PMI1dQjzOM,
2019-12-20 17:27:43,"{'hashtags': [{'text': 'vulnerability', 'indices': [40, 54]}, {'text': 'Android', 'indices': [75, 83]}], 'symbols': [], 'user_mentions': [], 'urls': [{'url': 'https://t.co/NYduM8yLW5', 'expanded_url': 'https://twitter.com/i/web/status/1208076527834820608', 'display_url': 'twitter.com/i/web/status/1‚Ä¶', 'indices': [117, 140]}]}",1208076527834820608,"GOOG, GOOGL","To be noted, the patch for this Twitter #vulnerability was included in the #Android app update that was released on‚Ä¶ https://t.co/NYduM8yLW5","Most trusted, widely-read independent #cybersecurity news source for everyone; supported by hackers and IT professionals ‚Äî Send TIPs to admin@thehackernews.com",209811713,The Internet,The Hacker News,TheHackersNews,https://t.co/tbidM8WUBF,
2019-12-21 01:16:15,"{'hashtags': [{'text': 'Microsoft', 'indices': [28, 38]}], 'symbols': [], 'user_mentions': [], 'urls': [{'url': 'https://t.co/WpETLOGb9q', 'expanded_url': 'https://twitter.com/i/web/status/1208194435772751877', 'display_url': 'twitter.com/i/web/status/1‚Ä¶', 'indices': [117, 140]}]}",1208194435772751877,MSFT,"Yesterday, I partnered with #Microsoft to help bring tech classes to middle school aged kids and their siblings fro‚Ä¶ https://t.co/WpETLOGb9q",Love the life you live. Live the life you love. @stanfordfball | @houstontexans Business inquires contact: tamara@boommediaandimage.com,1317592454,"Houston, TX",Justin Reid,jreid_viii,https://t.co/gtgujlfAyT,
2019-12-20 20:35:25,"{'hashtags': [{'text': 'SCCM', 'indices': [46, 51]}, {'text': 'Intune', 'indices': [56, 63]}], 'symbols': [], 'user_mentions': [{'screen_name': 'AndersonAnd', 'name': 'Anderson Andreola', 'id': 53192472, 'id_str': '53192472', 'indices': [91, 103]}], 'urls': [{'url': 'https://t.co/wNS7HabQ9N', 'expanded_url': 'https://twitter.com/i/web/status/1208123763545591809', 'display_url': 'twitter.com/i/web/status/1‚Ä¶', 'indices': [115, 138]}]}",1208123763545591809,MSFT,Microsoft Endpoint Manager: Bringing together #SCCM and #Intune capabilities. Presented by @Andersonand filmed at‚Ä¶ https://t.co/wNS7HabQ9N,Microsoft's official video series for IT Pros. Watch and share valuable content/demos on upcoming and current tech from the people who build it at #Microsoft.,1648629770,Online and major MSFT events,Microsoft Mechanics,MSFTMechanics,https://t.co/WS0yjdPlU1,
2019-12-23 01:45:03,"{'hashtags': [{'text': 'tech', 'indices': [74, 79]}, {'text': 'internet', 'indices': [80, 89]}, {'text': 'amazon', 'indices': [90, 97]}, {'text': 'microsoft', 'indices': [98, 108]}, {'text': 'google', 'indices': [109, 116]}], 'symbols': [], 'user_mentions': [], 'urls': [], 'media': [{'id': 1208926458434994177, 'id_str': '1208926458434994177', 'indices': [117, 140], 'media_url': 'http://pbs.twimg.com/media/EMb4NXKWwAEbF0S.jpg', 'media_url_https': 'https://pbs.twimg.com/media/EMb4NXKWwAEbF0S.jpg', 'url': 'https://t.co/4EPehZs5XV', 'display_url': 'pic.twitter.com/4EPehZs5XV', 'expanded_url': 'https://twitter.com/leadlagreport/status/1208926460423086080/photo/1', 'type': 'photo', 'sizes': {'thumb': {'w': 150, 'h': 150, 'resize': 'crop'}, 'medium': {'w': 1070, 'h': 1075, 'resize': 'fit'}, 'large': {'w': 1070, 'h': 1075, 'resize': 'fit'}, 'small': {'w': 677, 'h': 680, 'resize': 'fit'}}}]}",1208926460423086080,MSFT,20 years of internet giants. So much change even in just the past decade. #tech #internet #amazon #microsoft #google https://t.co/4EPehZs5XV,Portfolio Manager. Award Winning Author of The Lead-Lag Report. Songwriter for @FortunateFall03. Founder of @HowUdish. Occasionally funny. RT ‚â† endorsements.,227755413,"New York, NY","Michael A. Gayed, CFA",leadlagreport,https://t.co/oHoplhSRCc,
2019-12-27 23:37:15,"{'hashtags': [{'text': 'huawei', 'indices': [80, 87]}, {'text': 'boeing', 'indices': [88, 95]}, {'text': 'nike', 'indices': [96, 101]}, {'text': 'ford', 'indices': [102, 107]}, {'text': 'intel', 'indices': [108, 114]}], 'symbols': [], 'user_mentions': [], 'urls': [], 'media': [{'id': 1210705608502120453, 'id_str': '1210705608502120453', 'indices': [115, 138], 'media_url': 'http://pbs.twimg.com/media/EM1KvpdXUAIBsFN.jpg', 'media_url_https': 'https://pbs.twimg.com/media/EM1KvpdXUAIBsFN.jpg', 'url': 'https://t.co/lkvm7ZEQI2', 'display_url': 'pic.twitter.com/lkvm7ZEQI2', 'expanded_url': 'https://twitter.com/cgtnamerica/status/1210706239107276800/video/1', 'type': 'photo', 'sizes': {'thumb': {'w': 150, 'h': 150, 'resize': 'crop'}, 'large': {'w': 1920, 'h': 1080, 'resize': 'fit'}, 'medium': {'w': 1200, 'h': 675, 'resize': 'fit'}, 'small': {'w': 680, 'h': 383, 'resize': 'fit'}}}]}",1210706239107276800,INTC,See how corporations in the United States get billions in government subsidies. #huawei #boeing #nike #ford #intel https://t.co/lkvm7ZEQI2,"Watch live: https://t.co/rtNij3XmD3 
Material is distributed by MediaLinks TV, LLC on behalf of CCTV. Info available at the Department of Justice in DC.",620136960,"Washington, DC",CGTN America,cgtnamerica,https://t.co/aQGRpjLFu1,
2019-12-27 12:36:48,"{'hashtags': [{'text': 'Apple', 'indices': [12, 18]}, {'text': 'iPadPro', 'indices': [26, 34]}], 'symbols': [], 'user_mentions': [], 'urls': [{'url': 'https://t.co/JznzKhvkfh', 'expanded_url': 'https://twitter.com/i/web/status/1210540028818067457', 'display_url': 'twitter.com/i/web/status/1‚Ä¶', 'indices': [117, 140]}]}",1210540028818067457,AAPL,"And this is #Apple's 2020 #iPadPro duo! 
360¬∞ videos + gorgeous official looking 5K renders + dimensions, on behalf‚Ä¶ https://t.co/JznzKhvkfh",Professional Time Traveler üïí @Slashleaks co-ownerüíßHit LIKES TAB to browse MY LEAKS üìÇ NOTABLE FOLLOWERS listed in FOLLOWING LISTüéñBUSINESS onleaks@gmail.comüíµ,3059500674,France,Steve H.McFly,OnLeaks,https://t.co/XGTdgxAMkG,
2019-12-27 17:26:32,"{'hashtags': [{'text': 'Pivotpodcast', 'indices': [5, 18]}, {'text': 'Apple', 'indices': [99, 105]}], 'symbols': [], 'user_mentions': [], 'urls': [{'url': 'https://t.co/d8GRxABQPg', 'expanded_url': 'https://twitter.com/i/web/status/1210612943521492994', 'display_url': 'twitter.com/i/web/status/1‚Ä¶', 'indices': [114, 137]}]}",1210612943521492994,AAPL,"Last #Pivotpodcast of the decade ‚Äî review of tech, politics, social topics

Winner for the decade: #Apple
Loser:‚Ä¶ https://t.co/d8GRxABQPg",Son of superhero (single mom) | Product of big government @ucla @berkeley | Prof Marketing @NYUStern | cohost Pivot podcast | sign up at https://t.co/57CtTLBpoc,9273802,NYC,Scott Galloway,profgalloway,https://t.co/7p9Sm7nKpx,
2019-12-21 16:51:25,"{'hashtags': [{'text': 'Apple', 'indices': [85, 91]}], 'symbols': [], 'user_mentions': [], 'urls': [{'url': 'https://t.co/AWrnZpvzr8', 'expanded_url': 'https://twitter.com/i/web/status/1208429777360539648', 'display_url': 'twitter.com/i/web/status/1‚Ä¶', 'indices': [117, 140]}]}",1208429777360539648,AAPL,22-year-old hacker‚Äîmember of the 'Turkish Crime Family' group who in 2017 threatened #Apple to wipe out 319 million‚Ä¶ https://t.co/AWrnZpvzr8,"Most trusted, widely-read independent #cybersecurity news source for everyone; supported by hackers and IT professionals ‚Äî Send TIPs to admin@thehackernews.com",209811713,The Internet,The Hacker News,TheHackersNews,https://t.co/tbidM8WUBF,
2019-12-23 14:43:05,"{'hashtags': [{'text': 'ChristmasEve', 'indices': [9, 22]}, {'text': 'Apple', 'indices': [24, 30]}, {'text': 'AppStore', 'indices': [94, 103]}], 'symbols': [], 'user_mentions': [], 'urls': [{'url': 'https://t.co/PjiQFcWaQj', 'expanded_url': 'https://twitter.com/i/web/status/1209122259295703040', 'display_url': 'twitter.com/i/web/status/1‚Ä¶', 'indices': [117, 140]}]}",1209122259295703040,AAPL,"Starting #ChristmasEve, #Apple will be giving away a series of surprises for customers of the #AppStore, in what ap‚Ä¶ https://t.co/PjiQFcWaQj","In-depth Apple news, analysis & reviews since 1997. Facebook: https://t.co/MTXnzSOBUj YouTube: https://t.co/R2aAX6Ml8d",20542450,"Cupertino, California",AppleInsider,appleinsider,https://t.co/XLxbjgPbDq,
2019-12-21 07:00:00,"{'hashtags': [{'text': 'Apple', 'indices': [5, 11]}], 'symbols': [], 'user_mentions': [], 'urls': [], 'media': [{'id': 1204483311957098496, 'id_str': '1204483311957098496', 'indices': [47, 70], 'media_url': 'http://pbs.twimg.com/amplify_video_thumb/1204483311957098496/img/k3YSJq9avW3J9FI4.jpg', 'media_url_https': 'https://pbs.twimg.com/amplify_video_thumb/1204483311957098496/img/k3YSJq9avW3J9FI4.jpg', 'url': 'https://t.co/hkKx5Y9dPz', 'display_url': 'pic.twitter.com/hkKx5Y9dPz', 'expanded_url': 'https://twitter.com/DigitalTrends/status/1208280943871627266/video/1', 'type': 'photo', 'sizes': {'thumb': {'w': 150, 'h': 150, 'resize': 'crop'}, 'small': {'w': 680, 'h': 680, 'resize': 'fit'}, 'medium': {'w': 720, 'h': 720, 'resize': 'fit'}, 'large': {'w': 720, 'h': 720, 'resize': 'fit'}}}]}",1208280943871627266,AAPL,"This #Apple Mac Pro Display XDR costs $59,597! https://t.co/hkKx5Y9dPz",Tech for the way we live. | Facebook &  Instagram: @DigitalTrends,14763734,"Portland, OR, and New York, NY",Digital Trends,DigitalTrends,https://t.co/wxxwesnWkd,
2019-12-27 20:13:16,"{'hashtags': [{'text': 'amazon', 'indices': [47, 54]}, {'text': 'FlashbackFriday', 'indices': [95, 111]}], 'symbols': [], 'user_mentions': [{'screen_name': 'BernieSanders', 'name': 'Bernie Sanders', 'id': 216776631, 'id_str': '216776631', 'indices': [23, 37]}, {'screen_name': 'ZephyrTeachout', 'name': 'Zephyr Teachout', 'id': 15467700, 'id_str': '15467700', 'indices': [76, 91]}], 'urls': [{'url': 'https://t.co/YPLfCEMwJi', 'expanded_url': 'https://twitter.com/i/web/status/1210654901728161792', 'display_url': 'twitter.com/i/web/status/1‚Ä¶', 'indices': [116, 139]}]}",1210654901728161792,AMZN,"A huge endorsement for @BernieSanders from the #amazon slayer, trust buster @ZephyrTeachout! 

#FlashbackFriday to‚Ä¶ https://t.co/YPLfCEMwJi",@MaketheRoadAct @NYWFP endorsed antimonopolist lawmaker focused on capturing unvalued work for a #CaringSociety (personal account) #Bernie2020 he/him,22524908,inclu$ive,Ron T. Kim,rontkim,https://t.co/SA10mEFtca,
2019-12-27 22:02:01,"{'hashtags': [], 'symbols': [], 'user_mentions': [{'screen_name': 'amazon', 'name': 'Amazon.com', 'id': 20793816, 'id_str': '20793816', 'indices': [95, 102]}], 'urls': [{'url': 'https://t.co/qRZoa4tei6', 'expanded_url': 'https://twitter.com/i/web/status/1210682272694833154', 'display_url': 'twitter.com/i/web/status/1‚Ä¶', 'indices': [108, 131]}]}",1210682272694833154,AMZN,Adventures of Kijimi is December's Star Wars Smuggler's Bounty Box! Now available for order on @amazon! ‚û°Ô∏è‚Ä¶ https://t.co/qRZoa4tei6,Funko is a pop culture collectibles company. Everyone is a fan of something! https://t.co/xHZ8KZKYpm https://t.co/UNIpDXd0EQ,1378000488,"Everett, WA",Funko,OriginalFunko,https://t.co/0W4J4q9HcX,
2019-12-21 02:53:16,"{'hashtags': [{'text': 'Amazon', 'indices': [20, 27]}, {'text': 'FedEx', 'indices': [65, 71]}], 'symbols': [], 'user_mentions': [], 'urls': [{'url': 'https://t.co/JDlCjvtQ8G', 'expanded_url': 'https://twitter.com/i/web/status/1208218850594045952', 'display_url': 'twitter.com/i/web/status/1‚Ä¶', 'indices': [117, 140]}]}",1208218850594045952,AMZN,"Since the launch of #Amazon‚Äôs delivery service in February 2018, #FedEx has lost $25 billion (39%) in value, despit‚Ä¶ https://t.co/JDlCjvtQ8G",Son of superhero (single mom) | Product of big government @ucla @berkeley | Prof Marketing @NYUStern | cohost Pivot podcast | sign up at https://t.co/57CtTLBpoc,9273802,NYC,Scott Galloway,profgalloway,https://t.co/7p9Sm7nKpx,
2019-12-22 03:45:05,"{'hashtags': [{'text': 'climatechange', 'indices': [78, 92]}], 'symbols': [], 'user_mentions': [], 'urls': [{'url': 'https://t.co/E0d3VlQPaX', 'expanded_url': 'https://twitter.com/i/web/status/1208594280266158081', 'display_url': 'twitter.com/i/web/status/1‚Ä¶', 'indices': [117, 140]}]}",1208594280266158081,AMZN,"When we look back on 2019, will it be seen as year when awareness of scale of #climatechange kicked in? There's 1 d‚Ä¶ https://t.co/E0d3VlQPaX",I'm former Prime Minister of #NewZealand & former @UNDP Administrator: passionate about human & sustainable #development world-wide.,191849753,,Helen Clark,HelenClarkNZ,https://t.co/EsTrSJfv0c,
2019-12-22 13:53:59,"{'hashtags': [{'text': 'deforestation', 'indices': [73, 87]}, {'text': 'Amazon', 'indices': [95, 102]}], 'symbols': [], 'user_mentions': [], 'urls': [{'url': 'https://t.co/DjrgH1FzpV', 'expanded_url': 'https://twitter.com/i/web/status/1208747513697775617', 'display_url': 'twitter.com/i/web/status/1‚Ä¶', 'indices': [116, 139]}]}",1208747513697775617,AMZN,Satellites have played a key role in monitoring and reducing the rate of #deforestation in the #Amazon rainforest.‚Ä¶ https://t.co/DjrgH1FzpV,NASA uses the vantage point of space to increase our understanding of Earth and improve lives.,24919888,"Washington, DC",NASA Earth,NASAEarth,https://t.co/sKI8B0RUjN,
2019-12-21 21:10:04,"{'hashtags': [{'text': 'Amazon', 'indices': [107, 114]}], 'symbols': [], 'user_mentions': [], 'urls': [{'url': 'https://t.co/r4NZ2CaNHX', 'expanded_url': 'https://twitter.com/i/web/status/1208494870681260033', 'display_url': 'twitter.com/i/web/status/1‚Ä¶', 'indices': [121, 144]}]}",1208494870681260033,AMZN,A lack of innovation &amp; a competitor who can overwhelm enemies with cheap capital and Jedi mind tricks (#Amazon) hav‚Ä¶ https://t.co/r4NZ2CaNHX,Son of superhero (single mom) | Product of big government @ucla @berkeley | Prof Marketing @NYUStern | cohost Pivot podcast | sign up at https://t.co/57CtTLBpoc,9273802,NYC,Scott Galloway,profgalloway,https://t.co/7p9Sm7nKpx,
2019-12-20 15:41:41,"{'hashtags': [{'text': 'Amazon', 'indices': [78, 85]}], 'symbols': [], 'user_mentions': [], 'urls': [{'url': 'https://t.co/LfKgLFz8m8', 'expanded_url': 'https://twitter.com/i/web/status/1208049843190599681', 'display_url': 'twitter.com/i/web/status/1‚Ä¶', 'indices': [117, 140]}]}",1208049843190599681,AMZN,One truckload of goods that have never been in use ‚Äì that‚Äôs how much stock an #Amazon warehouse in Germany destroys‚Ä¶ https://t.co/LfKgLFz8m8,"Greenpeace ist eine internationale Umweltorganisation, die gewaltfrei f√ºr den Schutz der Lebensgrundlagen k√§mpft. Hier twittert Greenpeace Deutschland.",8447362,Hamburg,Greenpeace e.V.,greenpeace_de,https://t.co/09b3oqOauL,
2019-12-24 22:25:00,"{'hashtags': [{'text': 'BigTech', 'indices': [79, 87]}, {'text': 'Amazon', 'indices': [103, 110]}], 'symbols': [], 'user_mentions': [{'screen_name': 'BernieSanders', 'name': 'Bernie Sanders', 'id': 216776631, 'id_str': '216776631', 'indices': [6, 20]}, {'screen_name': 'ewarren', 'name': 'Elizabeth Warren', 'id': 357606935, 'id_str': '357606935', 'indices': [25, 33]}], 'urls': [{'url': 'https://t.co/qb0DmNjFnu', 'expanded_url': 'https://twitter.com/i/web/status/1209600893202640896', 'display_url': 'twitter.com/i/web/status/1‚Ä¶', 'indices': [117, 140]}]}",1209600893202640896,AMZN,"Sens. @BernieSanders and @EWarren have been among the most critical of mammoth #BigTech companies like #Amazon, and‚Ä¶ https://t.co/qb0DmNjFnu","An independent, award-winning voice in print & online. Integrity & truthfulness in reporting. Email Sign up: https://t.co/OovwXvDr5L",29097819,"New York, USA",The Epoch Times,EpochTimes,https://t.co/udZgeB9zvZ,
2019-12-23 21:15:01,"{'hashtags': [{'text': 'UnsungNoel', 'indices': [48, 59]}], 'symbols': [], 'user_mentions': [{'screen_name': 'TheJonathanCain', 'name': 'Jonathan Cain', 'id': 251441174, 'id_str': '251441174', 'indices': [83, 99]}], 'urls': [{'url': 'https://t.co/43ceuqxPjy', 'expanded_url': 'https://twitter.com/i/web/status/1209220893785772032', 'display_url': 'twitter.com/i/web/status/1‚Ä¶', 'indices': [117, 140]}]}",1209220893785772032,AMZN,You shall call His name Jesus... The incredible #UnsungNoel Christmas Concert from @TheJonathanCain is available NO‚Ä¶ https://t.co/43ceuqxPjy,I love the Lord - He is my strength!,27768807,"Orlando, FL",Paula White-Cain,Paula_White,https://t.co/PAIlGb59ub,
2019-12-24 14:34:34,"{'hashtags': [{'text': 'UnsungNoel', 'indices': [50, 61]}], 'symbols': [], 'user_mentions': [{'screen_name': 'TheJonathanCain', 'name': 'Jonathan Cain', 'id': 251441174, 'id_str': '251441174', 'indices': [85, 101]}], 'urls': [{'url': 'https://t.co/dsioQyfXDa', 'expanded_url': 'https://twitter.com/i/web/status/1209482504622743554', 'display_url': 'twitter.com/i/web/status/1‚Ä¶', 'indices': [116, 139]}]}",1209482504622743554,AMZN,Christ is the heart of Christmas!! The incredible #UnsungNoel Christmas Concert from @TheJonathanCain is available‚Ä¶ https://t.co/dsioQyfXDa,I love the Lord - He is my strength!,27768807,"Orlando, FL",Paula White-Cain,Paula_White,https://t.co/PAIlGb59ub,
2019-12-24 14:35:06,"{'hashtags': [{'text': 'Amazon', 'indices': [0, 7]}], 'symbols': [], 'user_mentions': [], 'urls': [{'url': 'https://t.co/r4e8ZeA519', 'expanded_url': 'https://www.nytimes.com/2019/12/19/technology/amazon-sellers.html', 'display_url': 'nytimes.com/2019/12/19/tec‚Ä¶', 'indices': [72, 95]}]}",1209482639134081024,AMZN,"#Amazon partners with brands the way a parasite partners with a host. 

https://t.co/r4e8ZeA519",Son of superhero (single mom) | Product of big government @ucla @berkeley | Prof Marketing @NYUStern | cohost Pivot podcast | sign up at https://t.co/57CtTLBpoc,9273802,NYC,Scott Galloway,profgalloway,https://t.co/7p9Sm7nKpx,
2019-12-20 15:24:06,"{'hashtags': [{'text': 'amazon', 'indices': [34, 41]}], 'symbols': [], 'user_mentions': [], 'urls': [], 'media': [{'id': 1208045412965322754, 'id_str': '1208045412965322754', 'indices': [63, 86], 'media_url': 'http://pbs.twimg.com/media/EMPW5xBWkAIywK9.jpg', 'media_url_https': 'https://pbs.twimg.com/media/EMPW5xBWkAIywK9.jpg', 'url': 'https://t.co/4V0GYwg7Bh', 'display_url': 'pic.twitter.com/4V0GYwg7Bh', 'expanded_url': 'https://twitter.com/rmdrk/status/1208045417470009350/photo/1', 'type': 'photo', 'sizes': {'thumb': {'w': 150, 'h': 150, 'resize': 'crop'}, 'medium': {'w': 1018, 'h': 1200, 'resize': 'fit'}, 'small': {'w': 577, 'h': 680, 'resize': 'fit'}, 'large': {'w': 1080, 'h': 1273, 'resize': 'fit'}}}]}",1208045417470009350,AMZN,All of my books are available via #amazon Xoxo ‚Ä¢ love you all. https://t.co/4V0GYwg7Bh,"New York Times Best Selling Author.
self-published. I write books to inspire the youth.",2294597605,Miami - L.A. ,R. M. Drake,rmdrk,https://t.co/lyvuQkSsmP,
2019-12-25 00:05:00,"{'hashtags': [{'text': 'Amazon', 'indices': [64, 71]}], 'symbols': [], 'user_mentions': [], 'urls': [{'url': 'https://t.co/QiwPCtVk4Q', 'expanded_url': 'http://www.mtv.com/news/3150338/amazon-walk-off-sacramento/', 'display_url': 'mtv.com/news/3150338/a‚Ä¶', 'indices': [90, 113]}]}",1209626056266678272,AMZN,"‚ÄúAmazon doesn‚Äôt work if you don‚Äôt work. It‚Äôs about time we make #Amazon understand that‚Äù 
https://t.co/QiwPCtVk4Q",very fun and social wow!,40076725,,MTV NEWS,MTVNEWS,https://t.co/YrwzQYLtaw,
2019-12-24 21:00:22,"{'hashtags': [], 'symbols': [], 'user_mentions': [{'screen_name': 'PG13NBA', 'name': 'PG13', 'id': 37292169, 'id_str': '37292169', 'indices': [15, 23]}], 'urls': [{'url': 'https://t.co/USs2uRVnLi', 'expanded_url': 'https://twitter.com/i/web/status/1209579593121878021', 'display_url': 'twitter.com/i/web/status/1‚Ä¶', 'indices': [116, 139]}]}",1209579593121878021,AMZN,My artist PG13 @PG13NBA down in South Carolina working on his new video ‚ÄúSuicide‚Äù ! Be sure to check the video out‚Ä¶ https://t.co/USs2uRVnLi,"CEO / Founder of Grimes Promo, https://t.co/dO9wkXHcWJ Promotion For Artists & Business Twitter & Instagram Promotion Both $50,Text Or Call #815-644-1609",250866314,"Illinois, USA",Alicia Grimes,aliciagrimes71,https://t.co/OReHJosB8i,
2019-12-22 11:52:01,"{'hashtags': [{'text': 'HONOR20', 'indices': [45, 53]}], 'symbols': [], 'user_mentions': [], 'urls': [{'url': 'https://t.co/ze2acHlI9N', 'expanded_url': 'https://twitter.com/i/web/status/1208716818786877440', 'display_url': 'twitter.com/i/web/status/1‚Ä¶', 'indices': [117, 140]}]}",1208716818786877440,AMZN,"All great things come at a price. In case of #HONOR20, we have a price you‚Äôd love to pay! Get an exclusive discount‚Ä¶ https://t.co/ze2acHlI9N","Welcome to Honor India's Official Twitter Page!
Follow us for the latest news, updates and access to exclusive content.",3025239456,India,Honor India,HiHonorIndia,https://t.co/ztBd3P2h29,
2019-12-27 17:26:32,"{'hashtags': [{'text': 'Pivotpodcast', 'indices': [5, 18]}, {'text': 'Apple', 'indices': [99, 105]}], 'symbols': [], 'user_mentions': [], 'urls': [{'url': 'https://t.co/d8GRxABQPg', 'expanded_url': 'https://twitter.com/i/web/status/1210612943521492994', 'display_url': 'twitter.com/i/web/status/1‚Ä¶', 'indices': [114, 137]}]}",1210612943521492994,FB,"Last #Pivotpodcast of the decade ‚Äî review of tech, politics, social topics

Winner for the decade: #Apple
Loser:‚Ä¶ https://t.co/d8GRxABQPg",Son of superhero (single mom) | Product of big government @ucla @berkeley | Prof Marketing @NYUStern | cohost Pivot podcast | sign up at https://t.co/57CtTLBpoc,9273802,NYC,Scott Galloway,profgalloway,https://t.co/7p9Sm7nKpx,
2019-12-23 10:04:37,"{'hashtags': [{'text': 'Sabarimala', 'indices': [7, 18]}], 'symbols': [], 'user_mentions': [], 'urls': [{'url': 'https://t.co/xwOK4Ktzm6', 'expanded_url': 'https://twitter.com/i/web/status/1209052179530579968', 'display_url': 'twitter.com/i/web/status/1‚Ä¶', 'indices': [117, 140]}]}",1209052179530579968,FB,Little #Sabarimala pilgrim Veda sleeps on the lap of an unknown Muslim woman who was sitting next to her in the tra‚Ä¶ https://t.co/xwOK4Ktzm6,"Social Media Editor @ Manorama Daily.  Follows humans; occasionally other creatures too. Fact Checker. 
(RTs &LIKES are not endorsements)",3061358472,"Kottayam, India",K Tony Jose,KtonyjoseMM,https://t.co/tqc0PSUbo2,
2019-12-23 16:10:08,"{'hashtags': [{'text': 'Facebook', 'indices': [0, 9]}], 'symbols': [], 'user_mentions': [], 'urls': [{'url': 'https://t.co/YiPHUqWeJ8', 'expanded_url': 'https://twitter.com/i/web/status/1209144165642199040', 'display_url': 'twitter.com/i/web/status/1‚Ä¶', 'indices': [116, 139]}]}",1209144165642199040,FB,#Facebook claims it has removed accounts operated by the website BL that are linked to The Epoch Media Group. They‚Ä¶ https://t.co/YiPHUqWeJ8,"An independent, award-winning voice in print & online. Integrity & truthfulness in reporting. Email Sign up: https://t.co/OovwXvDr5L",29097819,"New York, USA",The Epoch Times,EpochTimes,https://t.co/udZgeB9zvZ,
2019-12-20 19:34:00,"{'hashtags': [{'text': 'Facebook', 'indices': [10, 19]}], 'symbols': [], 'user_mentions': [], 'urls': [], 'media': [{'id': 1207796622345867265, 'id_str': '1207796622345867265', 'indices': [52, 75], 'media_url': 'http://pbs.twimg.com/ext_tw_video_thumb/1207796622345867265/pu/img/id6RthSlzcdO-jHE.jpg', 'media_url_https': 'https://pbs.twimg.com/ext_tw_video_thumb/1207796622345867265/pu/img/id6RthSlzcdO-jHE.jpg', 'url': 'https://t.co/ZMRsgLvipo', 'display_url': 'pic.twitter.com/ZMRsgLvipo', 'expanded_url': 'https://twitter.com/DigitalTrends/status/1208108305559605248/video/1', 'type': 'photo', 'sizes': {'thumb': {'w': 150, 'h': 150, 'resize': 'crop'}, 'small': {'w': 680, 'h': 680, 'resize': 'fit'}, 'medium': {'w': 720, 'h': 720, 'resize': 'fit'}, 'large': {'w': 720, 'h': 720, 'resize': 'fit'}}}]}",1208108305559605248,FB,BREAKING: #Facebook just had a massive data breach. https://t.co/ZMRsgLvipo,Tech for the way we live. | Facebook &  Instagram: @DigitalTrends,14763734,"Portland, OR, and New York, NY",Digital Trends,DigitalTrends,https://t.co/wxxwesnWkd,
2019-12-21 01:39:00,"{'hashtags': [{'text': 'Facebook', 'indices': [0, 9]}], 'symbols': [], 'user_mentions': [], 'urls': [{'url': 'https://t.co/XTUN3h8r8H', 'expanded_url': 'https://twitter.com/i/web/status/1208200162578980870', 'display_url': 'twitter.com/i/web/status/1‚Ä¶', 'indices': [116, 139]}]}",1208200162578980870,FB,#Facebook claims that it has removed accounts operated by the website BL that are linked to The Epoch Media Group.‚Ä¶ https://t.co/XTUN3h8r8H,"An independent, award-winning voice in print & online. Integrity & truthfulness in reporting. Email Sign up: https://t.co/OovwXvDr5L",29097819,"New York, USA",The Epoch Times,EpochTimes,https://t.co/udZgeB9zvZ,
2019-12-24 01:33:15,"{'hashtags': [], 'symbols': [], 'user_mentions': [{'screen_name': 'Facebook', 'name': 'Facebook', 'id': 2425151, 'id_str': '2425151', 'indices': [47, 56]}, {'screen_name': 'RepJimBanks', 'name': 'Jim Banks', 'id': 816131319033950208, 'id_str': '816131319033950208', 'indices': [78, 90]}], 'urls': [{'url': 'https://t.co/rgl4RXRR90', 'expanded_url': 'https://twitter.com/i/web/status/1209285878243352576', 'display_url': 'twitter.com/i/web/status/1‚Ä¶', 'indices': [114, 137]}]}",1209285878243352576,FB,"Just last month, in a Nov. 15, 2019, letter to @Facebook CEO Mark Zuckerberg, @RepJimBanks raised concerns about‚Ä¶ https://t.co/rgl4RXRR90","An independent, award-winning voice in print & online. Integrity & truthfulness in reporting. Email Sign up: https://t.co/OovwXvDr5L",29097819,"New York, USA",The Epoch Times,EpochTimes,https://t.co/udZgeB9zvZ,
2019-12-23 16:10:46,"{'hashtags': [{'text': 'Facebook', 'indices': [77, 86]}], 'symbols': [], 'user_mentions': [{'screen_name': 'Facebook', 'name': 'Facebook', 'id': 2425151, 'id_str': '2425151', 'indices': [23, 32]}, {'screen_name': 'RepJimBanks', 'name': 'Jim Banks', 'id': 816131319033950208, 'id_str': '816131319033950208', 'indices': [54, 66]}], 'urls': [{'url': 'https://t.co/Plntv8Qo58', 'expanded_url': 'https://twitter.com/i/web/status/1209144326334406657', 'display_url': 'twitter.com/i/web/status/1‚Ä¶', 'indices': [117, 140]}]}",1209144326334406657,FB,"In a Nov. 15 letter to @Facebook CEO Mark Zuckerberg, @RepJimBanks writes of #Facebook‚Äôs decision, ‚ÄúFacebook has re‚Ä¶ https://t.co/Plntv8Qo58","An independent, award-winning voice in print & online. Integrity & truthfulness in reporting. Email Sign up: https://t.co/OovwXvDr5L",29097819,"New York, USA",The Epoch Times,EpochTimes,https://t.co/udZgeB9zvZ,
2019-12-22 18:03:05,"{'hashtags': [{'text': 'Facebook', 'indices': [1, 10]}], 'symbols': [], 'user_mentions': [], 'urls': [{'url': 'https://t.co/x3Ui6yi2BK', 'expanded_url': 'https://twitter.com/i/web/status/1208810202843242496', 'display_url': 'twitter.com/i/web/status/1‚Ä¶', 'indices': [121, 144]}]}",1208810202843242496,FB,"""#Facebook is reportedly working on its own operating system to reduce its dependence on Google‚Äôs Android OS &amp; Appl‚Ä¶ https://t.co/x3Ui6yi2BK","Bestselling Author; Keynote Speaker; President, AmberMac Media; ü§ñ Co-host: The AI Effect, Marketing Disrupted & #TheFeed @siriusxm; TV Host; Sober since 2001",767396,Internet,amber mac,ambermac,https://t.co/xnwFxHNpD4,
2019-12-24 09:57:57,"{'hashtags': [{'text': 'Facebook', 'indices': [0, 9]}], 'symbols': [], 'user_mentions': [], 'urls': [{'url': 'https://t.co/TR24W7NIUD', 'expanded_url': 'https://twitter.com/i/web/status/1209412892254228480', 'display_url': 'twitter.com/i/web/status/1‚Ä¶', 'indices': [117, 140]}]}",1209412892254228480,FB,#Facebook registered more profit in Dublin than Irish state earned in tax from every company in Ireland put togethe‚Ä¶ https://t.co/TR24W7NIUD,"Managing Director @rtenews. Ex Managing/Foreign Editor @ABC, ex World Editor @BBC. Board member @PressFreedom, runner, bootcamper, traveller, Scouser",14460241,"Dublin, Ireland",Jon Williams,WilliamsJon,https://t.co/wD1FX23Ice,
2019-12-22 02:21:16,"{'hashtags': [{'text': 'Dabangg3', 'indices': [23, 32]}, {'text': 'YouTube', 'indices': [88, 96]}, {'text': 'Facebook', 'indices': [106, 115]}], 'symbols': [], 'user_mentions': [], 'urls': [{'url': 'https://t.co/jhaJKKGxQ9', 'expanded_url': 'https://twitter.com/i/web/status/1208573186817871872', 'display_url': 'twitter.com/i/web/status/1‚Ä¶', 'indices': [117, 140]}]}",1208573186817871872,FB,"My this review of film #Dabangg3 has been watched by one million people within 2 days!!
#YouTube 7 Lakhs!
#Facebook‚Ä¶ https://t.co/jhaJKKGxQ9","https://t.co/Ou8vSx2oKC, https://t.co/7szr2Xlz0W, TikTok-@Kamaalrkhankrk #Deshdrohi #EkVillain #BiggBoss3, creator of #2RSPPL hashtag",115622213,"Mumbai, India",KRK,kamaalrkhan,https://t.co/vjexUTRcue,
2019-12-20 22:00:00,"{'hashtags': [], 'symbols': [], 'user_mentions': [], 'urls': [{'url': 'https://t.co/S2RM6WbrMf', 'expanded_url': 'https://twitter.com/i/web/status/1208145049042726912', 'display_url': 'twitter.com/i/web/status/1‚Ä¶', 'indices': [116, 139]}]}",1208145049042726912,FB,"Between mother-in-law drama and their own relationship woes, Chrissy and Jim have been through A LOT! 

Let's take‚Ä¶ https://t.co/S2RM6WbrMf","Official Love & Hip Hop Twitter for #LHHNY üóΩ, #LHHATL üçë, #LHHH üé¨ & #LHHMIA ‚òÄÔ∏è! Catch new eps of #LHHNY MONDAYS at 8/7c üçé",1025143662,NY + ATL + Hollywood + MIA,Love & Hip Hop,loveandhiphop,https://t.co/s6h8wzljRN,
2019-12-23 01:38:20,"{'hashtags': [{'text': 'Facebook', 'indices': [11, 20]}], 'symbols': [], 'user_mentions': [], 'urls': [{'url': 'https://t.co/iiKWn932a9', 'expanded_url': 'https://twitter.com/i/web/status/1208924770101628928', 'display_url': 'twitter.com/i/web/status/1‚Ä¶', 'indices': [117, 140]}]}",1208924770101628928,FB,"The Top 10 #Facebook Advertisement Hacks of 2020 ü§©

Know the Facebook Messenger ads and chatbot marketing strategie‚Ä¶ https://t.co/iiKWn932a9","CEO @MobileMonkey, Founder @WordStream - Columnist @Inc, @Medium, @CNBC. Startups, AdWords, Chatbots. Popularized Unicorns in Marketing. 2 Boys. Christian.",17850785,"Boston, MA",Larry Kim,larrykim,https://t.co/lvIODUHxYS,
2019-12-23 10:24:32,"{'hashtags': [{'text': 'FakeNews', 'indices': [0, 9]}], 'symbols': [], 'user_mentions': [], 'urls': [{'url': 'https://t.co/BhmLZkJYVB', 'expanded_url': 'https://twitter.com/i/web/status/1209057194311852033', 'display_url': 'twitter.com/i/web/status/1‚Ä¶', 'indices': [113, 136]}]}",1209057194311852033,FB,#FakeNews has become a global problem that challenges democratic institutions - and it's going nowhere in 2020.‚Ä¶ https://t.co/BhmLZkJYVB,"Tracking broadcast, press and social media sources in multiple languages from over 150 countries worldwide.",569238628,"London, UK",BBC Monitoring,BBCMonitoring,https://t.co/M2Fs7p8fPh,
2019-12-24 21:22:48,"{'hashtags': [{'text': 'think', 'indices': [35, 41]}], 'symbols': [], 'user_mentions': [], 'urls': [{'url': 'https://t.co/5Eh0bX0XNh', 'expanded_url': 'https://twitter.com/i/web/status/1209585239154147329', 'display_url': 'twitter.com/i/web/status/1‚Ä¶', 'indices': [117, 140]}]}",1209585239154147329,FB,"Please read this and have a LITTLE #think if it is affecting anyone close to you, please don‚Äôt let people feel alon‚Ä¶ https://t.co/5Eh0bX0XNh",actress loving what i do each and everyday!!!!,253511672,bury lancashire,Lisa Jane riley,Reallisariley,,
2019-12-26 04:30:00,"{'hashtags': [{'text': 'Facebook', 'indices': [0, 9]}], 'symbols': [], 'user_mentions': [], 'urls': [], 'media': [{'id': 1207796622345867265, 'id_str': '1207796622345867265', 'indices': [42, 65], 'media_url': 'http://pbs.twimg.com/ext_tw_video_thumb/1207796622345867265/pu/img/id6RthSlzcdO-jHE.jpg', 'media_url_https': 'https://pbs.twimg.com/ext_tw_video_thumb/1207796622345867265/pu/img/id6RthSlzcdO-jHE.jpg', 'url': 'https://t.co/45okxlRgZv', 'display_url': 'pic.twitter.com/45okxlRgZv', 'expanded_url': 'https://twitter.com/DigitalTrends/status/1210055133612003328/video/1', 'type': 'photo', 'sizes': {'thumb': {'w': 150, 'h': 150, 'resize': 'crop'}, 'small': {'w': 680, 'h': 680, 'resize': 'fit'}, 'medium': {'w': 720, 'h': 720, 'resize': 'fit'}, 'large': {'w': 720, 'h': 720, 'resize': 'fit'}}}]}",1210055133612003328,FB,#Facebook just had a massive data breach. https://t.co/45okxlRgZv,Tech for the way we live. | Facebook &  Instagram: @DigitalTrends,14763734,"Portland, OR, and New York, NY",Digital Trends,DigitalTrends,https://t.co/wxxwesnWkd,
2019-12-20 16:46:28,"{'hashtags': [{'text': 'Twitter', 'indices': [29, 37]}, {'text': 'Android', 'indices': [45, 53]}, {'text': 'vulnerability', 'indices': [101, 115]}], 'symbols': [], 'user_mentions': [], 'urls': [{'url': 'https://t.co/Pb8QANMvLX', 'expanded_url': 'https://twitter.com/i/web/status/1208066145326026753', 'display_url': 'twitter.com/i/web/status/1‚Ä¶', 'indices': [117, 140]}]}",1208066145326026753,TWTR,"‚ö°Important ‚Äî If you're using #Twitter app on #Android, update it immediately.

Twitter has patched a #vulnerability‚Ä¶ https://t.co/Pb8QANMvLX","Most trusted, widely-read independent #cybersecurity news source for everyone; supported by hackers and IT professionals ‚Äî Send TIPs to admin@thehackernews.com",209811713,The Internet,The Hacker News,TheHackersNews,https://t.co/tbidM8WUBF,
2019-12-24 21:46:19,"{'hashtags': [{'text': 'DaBaby', 'indices': [0, 7]}, {'text': 'Twitter', 'indices': [28, 36]}], 'symbols': [], 'user_mentions': [{'screen_name': 'DaBabyDaBaby', 'name': 'DaBaby', 'id': 3004871415, 'id_str': '3004871415', 'indices': [56, 69]}], 'urls': [], 'media': [{'id': 1209591150228713475, 'id_str': '1209591150228713475', 'indices': [70, 93], 'media_url': 'http://pbs.twimg.com/media/EMlUvhDWsAMgGiW.jpg', 'media_url_https': 'https://pbs.twimg.com/media/EMlUvhDWsAMgGiW.jpg', 'url': 'https://t.co/I2Cd7mhSDH', 'display_url': 'pic.twitter.com/I2Cd7mhSDH', 'expanded_url': 'https://twitter.com/WORLDSTAR/status/1209591154557300746/photo/1', 'type': 'photo', 'sizes': {'large': {'w': 1242, 'h': 1134, 'resize': 'fit'}, 'thumb': {'w': 150, 'h': 150, 'resize': 'crop'}, 'medium': {'w': 1200, 'h': 1096, 'resize': 'fit'}, 'small': {'w': 680, 'h': 621, 'resize': 'fit'}}}]}",1209591154557300746,TWTR,#DaBaby had this to say via #Twitter after his arrest üëÄ @DaBabyDaBaby https://t.co/I2Cd7mhSDH,Instagram- @Worldstar Snap- @RealWorldstar FB/YT- /Worldstarhiphop Submit your videos to Posters@Worldstarhiphop.com,11912362,USA,WORLDSTARHIPHOP,WORLDSTAR,https://t.co/2BPCCZxWIX,
2019-12-24 17:58:52,"{'hashtags': [{'text': 'BiggBoss13', 'indices': [0, 11]}, {'text': 'GautamGulati', 'indices': [13, 26]}, {'text': 'Twitter', 'indices': [99, 107]}], 'symbols': [], 'user_mentions': [], 'urls': [{'url': 'https://t.co/KueSvTfE1k', 'expanded_url': 'https://twitter.com/i/web/status/1209533915267919872', 'display_url': 'twitter.com/i/web/status/1‚Ä¶', 'indices': [109, 132]}]}",1209533915267919872,TWTR,#BiggBoss13: #GautamGulati to enter Salman Khan show; asks fans to send messages for housemates on #Twitter‚Ä¶ https://t.co/KueSvTfE1k,A digital platform focussed on the ideas and events shaping our world.,3074769187,"908, 9th Floor, Tower A1, Ansal Corporate Park, Sector 142, Noida",Catch News,CatchNews,https://t.co/c2sFOLBGIa,
2019-12-20 16:51:08,"{'hashtags': [{'text': 'Twitter', 'indices': [61, 69]}], 'symbols': [], 'user_mentions': [], 'urls': [{'url': 'https://t.co/3u11bWOprX', 'expanded_url': 'https://twitter.com/i/web/status/1208067318384713728', 'display_url': 'twitter.com/i/web/status/1‚Ä¶', 'indices': [117, 140]}]}",1208067318384713728,TWTR,"Though technical details of the issue are not yet available, #Twitter hint the attack involves remote ""insertion of‚Ä¶ https://t.co/3u11bWOprX","Most trusted, widely-read independent #cybersecurity news source for everyone; supported by hackers and IT professionals ‚Äî Send TIPs to admin@thehackernews.com",209811713,The Internet,The Hacker News,TheHackersNews,https://t.co/tbidM8WUBF,
2019-12-21 12:25:05,"{'hashtags': [{'text': 'Twitter', 'indices': [0, 8]}], 'symbols': [], 'user_mentions': [], 'urls': [{'url': 'https://t.co/QFMSGxDcIt', 'expanded_url': 'https://twitter.com/i/web/status/1208362752286351361', 'display_url': 'twitter.com/i/web/status/1‚Ä¶', 'indices': [117, 140]}]}",1208362752286351361,TWTR,#Twitter on Saturday admitted a malicious code was inserted into its app by a bad actor that may have compromised s‚Ä¶ https://t.co/QFMSGxDcIt,News feeds from India's National Newspaper,20751449,"Chennai, India",The Hindu,the_hindu,http://t.co/s1JTQu1K46,
2019-12-24 19:36:11,"{'hashtags': [], 'symbols': [], 'user_mentions': [], 'urls': [{'url': 'https://t.co/S3tkwbac8Q', 'expanded_url': 'https://twitter.com/i/web/status/1209558408585785344', 'display_url': 'twitter.com/i/web/status/1‚Ä¶', 'indices': [104, 127]}]}",1209558408585785344,TWTR,"MERRY CHRISTMAS EVERYONE!üéÑIf you haven't seen it yet, here's an early Christmas present for you...
100‚Ä¶ https://t.co/S3tkwbac8Q",The official Twitter account for Royal Air Force Music. https://t.co/7JlhUqOBfA https://t.co/3MtBYOLySp,829445006,,RAF Music,RAFMusic,https://t.co/p7qzAD74xu,
2019-12-23 14:05:10,"{'hashtags': [{'text': 'Twitter', 'indices': [79, 87]}], 'symbols': [], 'user_mentions': [], 'urls': [{'url': 'https://t.co/8RYfU9OS1N', 'expanded_url': 'https://twitter.com/i/web/status/1209112715840643073', 'display_url': 'twitter.com/i/web/status/1‚Ä¶', 'indices': [117, 140]}]}",1209112715840643073,TWTR,People in similar occupations exhibit similar personality profiles. A study of #Twitter text assesses linguistic in‚Ä¶ https://t.co/8RYfU9OS1N,"Cutting edge news and reports from PNAS, one of the world's most-cited multidisciplinary scientific journals.",258847118,"Washington, DC",PNAS,PNASNews,http://t.co/b5nuGHLnSg,
2019-12-26 12:10:03,"{'hashtags': [{'text': 'Twitter', 'indices': [30, 38]}], 'symbols': [], 'user_mentions': [], 'urls': [{'url': 'https://t.co/xUIjFt2qiK', 'expanded_url': 'https://twitter.com/i/web/status/1210170910306639878', 'display_url': 'twitter.com/i/web/status/1‚Ä¶', 'indices': [117, 140]}]}",1210170910306639878,TWTR,"In yet another data breach on #Twitter, a researcher has claimed he matched 17 million phone numbers to user accoun‚Ä¶ https://t.co/xUIjFt2qiK",News feeds from India's National Newspaper,20751449,"Chennai, India",The Hindu,the_hindu,http://t.co/s1JTQu1K46,
2019-12-25 01:10:02,"{'hashtags': [{'text': 'Twitter', 'indices': [19, 27]}], 'symbols': [], 'user_mentions': [], 'urls': [{'url': 'https://t.co/VLTcilbst0', 'expanded_url': 'https://twitter.com/i/web/status/1209642424462725120', 'display_url': 'twitter.com/i/web/status/1‚Ä¶', 'indices': [116, 139]}]}",1209642424462725120,TWTR,Mr. Owaisi took to #Twitter and tweeted an image of a document purportedly showing that then Minister of State for‚Ä¶ https://t.co/VLTcilbst0,News feeds from India's National Newspaper,20751449,"Chennai, India",The Hindu,the_hindu,http://t.co/s1JTQu1K46,
2019-12-23 10:24:32,"{'hashtags': [{'text': 'FakeNews', 'indices': [0, 9]}], 'symbols': [], 'user_mentions': [], 'urls': [{'url': 'https://t.co/BhmLZkJYVB', 'expanded_url': 'https://twitter.com/i/web/status/1209057194311852033', 'display_url': 'twitter.com/i/web/status/1‚Ä¶', 'indices': [113, 136]}]}",1209057194311852033,TWTR,#FakeNews has become a global problem that challenges democratic institutions - and it's going nowhere in 2020.‚Ä¶ https://t.co/BhmLZkJYVB,"Tracking broadcast, press and social media sources in multiple languages from over 150 countries worldwide.",569238628,"London, UK",BBC Monitoring,BBCMonitoring,https://t.co/M2Fs7p8fPh,
2019-12-23 09:57:52,"{'hashtags': [], 'symbols': [], 'user_mentions': [{'screen_name': 'UCC', 'name': 'UCC Ireland', 'id': 19705196, 'id_str': '19705196', 'indices': [108, 112]}], 'urls': [{'url': 'https://t.co/cRJ9ubgbIK', 'expanded_url': 'https://twitter.com/i/web/status/1209050482309771265', 'display_url': 'twitter.com/i/web/status/1‚Ä¶', 'indices': [117, 140]}]}",1209050482309771265,TWTR,"A warm tribute to poet, John Montague, who died three years ago. Montague was one of my literature teachers @UCC du‚Ä¶ https://t.co/cRJ9ubgbIK",Ireland's Ambassador to the USA @IrelandEmbUSA. Blogs: https://t.co/WvGbPVrcru  Hon. President @yeatssociety.,1567967160,Washington DC,Daniel Mulhall,DanMulhall,https://t.co/C0LRTXmUal,
2019-12-24 21:22:48,"{'hashtags': [{'text': 'think', 'indices': [35, 41]}], 'symbols': [], 'user_mentions': [], 'urls': [{'url': 'https://t.co/5Eh0bX0XNh', 'expanded_url': 'https://twitter.com/i/web/status/1209585239154147329', 'display_url': 'twitter.com/i/web/status/1‚Ä¶', 'indices': [117, 140]}]}",1209585239154147329,TWTR,"Please read this and have a LITTLE #think if it is affecting anyone close to you, please don‚Äôt let people feel alon‚Ä¶ https://t.co/5Eh0bX0XNh",actress loving what i do each and everyday!!!!,253511672,bury lancashire,Lisa Jane riley,Reallisariley,,
2019-12-23 10:10:38,"{'hashtags': [{'text': 'Twitter', 'indices': [20, 28]}], 'symbols': [], 'user_mentions': [], 'urls': [{'url': 'https://t.co/tqlO16lrJD', 'expanded_url': 'https://twitter.com/i/web/status/1209053693603188737', 'display_url': 'twitter.com/i/web/status/1‚Ä¶', 'indices': [117, 140]}]}",1209053693603188737,TWTR,"Wishing everyone on #Twitter a very happy Christmas and all the very best for 2020. 
Nollaig Shona agus Athbhlian f‚Ä¶ https://t.co/tqlO16lrJD",Ireland's Ambassador to the USA @IrelandEmbUSA. Blogs: https://t.co/WvGbPVrcru  Hon. President @yeatssociety.,1567967160,Washington DC,Daniel Mulhall,DanMulhall,https://t.co/C0LRTXmUal,
2019-12-24 23:40:00,"{'hashtags': [{'text': 'Twitter', 'indices': [0, 8]}], 'symbols': [], 'user_mentions': [{'screen_name': 'EpilepsyFdn', 'name': 'Epilepsy Foundation', 'id': 32478395, 'id_str': '32478395', 'indices': [53, 65]}], 'urls': [{'url': 'https://t.co/HxIVSwnhBT', 'expanded_url': 'https://on.rt.com/a7ud', 'display_url': 'on.rt.com/a7ud', 'indices': [67, 90]}]}",1209619764877725696,TWTR,"#Twitter bans APNGs after trolls reportedly hijacked @EpilepsyFdn

https://t.co/HxIVSwnhBT","RT, the global news network, broadcasts from Moscow, London, Paris and Washington studios to over 100 countries.",64643056,,RT,RT_com,http://t.co/bDDyvy9DmR,
2019-12-24 11:00:42,"{'hashtags': [{'text': 'GalaxyS10e', 'indices': [4, 15]}, {'text': 'mobile', 'indices': [58, 65]}, {'text': 'samsung', 'indices': [66, 74]}, {'text': 'technology', 'indices': [75, 86]}, {'text': 'galaxy', 'indices': [87, 94]}, {'text': 'galaxynote10', 'indices': [95, 108]}], 'symbols': [], 'user_mentions': [], 'urls': [{'url': 'https://t.co/GX07jw6Bhq', 'expanded_url': 'https://twitter.com/i/web/status/1209428680688177153', 'display_url': 'twitter.com/i/web/status/1‚Ä¶', 'indices': [110, 133]}]}",1209428680688177153,005930.KS,"The #GalaxyS10e is an excellent compact flagship phone!üòç

#mobile #samsung #technology #galaxy #galaxynote10‚Ä¶ https://t.co/GX07jw6Bhq","Official Twitter account of SamMobile. Biggest online Samsung community. We post news, reviews and updates. For questions please use our forums / contact page.",382825817,The Netherlands,SamMobile,SamMobiles,https://t.co/dCRLA2xCre,
2019-12-23 05:00:14,"{'hashtags': [{'text': 'GalaxyNote10plus', 'indices': [12, 29]}, {'text': 'mobile', 'indices': [34, 41]}, {'text': 'samsung', 'indices': [42, 50]}, {'text': 'technology', 'indices': [51, 62]}, {'text': 'galaxy', 'indices': [63, 70]}, {'text': 'galaxynote10', 'indices': [71, 84]}, {'text': 'galaxys10plus', 'indices': [85, 99]}, {'text': 'galaxys10', 'indices': [100, 110]}], 'symbols': [], 'user_mentions': [], 'urls': [{'url': 'https://t.co/wprBf3XHbG', 'expanded_url': 'https://twitter.com/i/web/status/1208975579774668800', 'display_url': 'twitter.com/i/web/status/1‚Ä¶', 'indices': [112, 135]}]}",1208975579774668800,005930.KS,"We love the #GalaxyNote10plus! üî•

#mobile #samsung #technology #galaxy #galaxynote10 #galaxys10plus #galaxys10‚Ä¶ https://t.co/wprBf3XHbG","Official Twitter account of SamMobile. Biggest online Samsung community. We post news, reviews and updates. For questions please use our forums / contact page.",382825817,The Netherlands,SamMobile,SamMobiles,https://t.co/dCRLA2xCre,
2019-12-27 13:05:02,"{'hashtags': [{'text': 'Johnson', 'indices': [9, 17]}, {'text': 'EU', 'indices': [28, 31]}], 'symbols': [], 'user_mentions': [], 'urls': [{'url': 'https://t.co/kvsUEdVYOE', 'expanded_url': 'https://twitter.com/i/web/status/1210547136187817984', 'display_url': 'twitter.com/i/web/status/1‚Ä¶', 'indices': [117, 140]}]}",1210547136187817984,JNJ,And will #Johnson implement #EU legislation on this we have just passed to keep our children safe? Revealed: microp‚Ä¶ https://t.co/kvsUEdVYOE,Labour MEP for the North West of England. @EuroLabour Chair. President of @EUFORES_EU. Member of @EP_Industry and @EP_Transport.,829060856,North West England / Brussels,Theresa Griffin MEP,TheresaMEP,https://t.co/aESxUstIWM,"Place(_api=<tweepy.api.API object at 0x1AC2E7F0>, id='52bb236ce4bb9be1', url='https://api.twitter.com/1.1/geo/id/52bb236ce4bb9be1.json', place_type='city', name='Coventry', full_name='Coventry, England', country_code='GB', country='United Kingdom', contained_within=[], bounding_box=BoundingBox(_api=<tweepy.api.API object at 0x1AC2E7F0>, type='Polygon', coordinates=[[[-1.6128929, 52.3653979], [-1.4244104, 52.3653979], [-1.4244104, 52.458428], [-1.6128929, 52.458428]]]), attributes={})"
2019-12-22 18:43:45,"{'hashtags': [{'text': 'Johnson', 'indices': [12, 20]}], 'symbols': [], 'user_mentions': [], 'urls': [{'url': 'https://t.co/L9BABnrMMM', 'expanded_url': 'https://twitter.com/i/web/status/1208820438127841280', 'display_url': 'twitter.com/i/web/status/1‚Ä¶', 'indices': [117, 140]}]}",1208820438127841280,JNJ,"Here‚Äôs what #Johnson‚Äôs real Brexit dividend looks likeüò¢

üá∫üá∏US defence buying our military assets
üá∫üá∏US pharma hiking‚Ä¶ https://t.co/L9BABnrMMM","#LibDems Acting Leader of Commons, MP for #Kingston & #Surbiton, former Sec of State #Energy & #ClimateChange, husband, father, campaigner on #ClimateEmergency",1179455215,"Surbiton, UK",Ed Davey MP üî∂,EdwardJDavey,https://t.co/AeokYxIqDp,
2019-12-22 16:17:19,"{'hashtags': [{'text': 'Russian', 'indices': [42, 50]}, {'text': 'Johnson', 'indices': [106, 114]}], 'symbols': [], 'user_mentions': [], 'urls': [{'url': 'https://t.co/EQW6wqFMsc', 'expanded_url': 'https://twitter.com/i/web/status/1208783586180112385', 'display_url': 'twitter.com/i/web/status/1‚Ä¶', 'indices': [116, 139]}]}",1208783586180112385,JNJ,"The PM, the 'people's government' and the #Russian spy: the day after his historic election victory Boris #Johnson‚Ä¶ https://t.co/EQW6wqFMsc","Writer, @Guardian journalist, author #1 New York Times best-selling book, ""Collusion: Secret Meetings, Dirty Money and How #Russia Helped Donald #Trump Win""",29709009,London,Luke Harding,lukeharding1968,http://t.co/bmySStvXC9,
2019-12-23 17:49:27,"{'hashtags': [{'text': 'Johnson', 'indices': [0, 8]}, {'text': 'Russian', 'indices': [48, 56]}, {'text': 'GE19', 'indices': [82, 87]}], 'symbols': [], 'user_mentions': [], 'urls': [{'url': 'https://t.co/G8EZNbFlCm', 'expanded_url': 'https://twitter.com/i/web/status/1209169160573476865', 'display_url': 'twitter.com/i/web/status/1‚Ä¶', 'indices': [117, 140]}]}",1209169160573476865,JNJ,"#Johnson‚Äôs astonishing visit to flashy party of #Russian oligarch, straight after #GE19 election victory, raises fu‚Ä¶ https://t.co/G8EZNbFlCm","Leader, Labour MEPs.
Yorks&Humber MEP.
Labour NEC.
GMB. EM. FRSA. LFC. GrimethorpeBand
Euromyth-debunker.
RT‚â†üëç. 
My ‚ÄòDoorstepEU‚Äô App: https://t.co/AprcIO6Clz",1347250338,Yorkshire,Richard Corbett,RCorbettMEP,https://t.co/jDJLrNd8mQ,
2019-12-21 08:59:52,"{'hashtags': [{'text': 'EuropeanParliament', 'indices': [40, 59]}, {'text': 'johnson', 'indices': [80, 88]}, {'text': 'Brexit', 'indices': [97, 104]}], 'symbols': [], 'user_mentions': [], 'urls': [{'url': 'https://t.co/HYxMbZHiyE', 'expanded_url': 'https://twitter.com/i/web/status/1208311109863784448', 'display_url': 'twitter.com/i/web/status/1‚Ä¶', 'indices': [117, 140]}]}",1208311109863784448,JNJ,"My last short speech (this year) in the #EuropeanParliament , pointing out that #johnson ‚Äòs hard #Brexit is not the‚Ä¶ https://t.co/HYxMbZHiyE","Leader, Labour MEPs.
Yorks&Humber MEP.
Labour NEC.
GMB. EM. FRSA. LFC. GrimethorpeBand
Euromyth-debunker.
RT‚â†üëç. 
My ‚ÄòDoorstepEU‚Äô App: https://t.co/AprcIO6Clz",1347250338,Yorkshire,Richard Corbett,RCorbettMEP,https://t.co/jDJLrNd8mQ,
2019-12-22 16:22:01,"{'hashtags': [{'text': 'Johnson', 'indices': [63, 71]}], 'symbols': [], 'user_mentions': [{'screen_name': 'dansabbagh', 'name': 'Dan Sabbagh', 'id': 40212366, 'id_str': '40212366', 'indices': [0, 11]}], 'urls': [{'url': 'https://t.co/ZepCPB32vw', 'expanded_url': 'https://twitter.com/i/web/status/1208784766062993409', 'display_url': 'twitter.com/i/web/status/1‚Ä¶', 'indices': [117, 140]}]}",1208784766062993409,JNJ,"@dansabbagh From our piece: ""On a busy day laced with history, #Johnson chose to celebrate with a foreign intellige‚Ä¶ https://t.co/ZepCPB32vw","Writer, @Guardian journalist, author #1 New York Times best-selling book, ""Collusion: Secret Meetings, Dirty Money and How #Russia Helped Donald #Trump Win""",29709009,London,Luke Harding,lukeharding1968,http://t.co/bmySStvXC9,
2019-12-21 13:36:34,"{'hashtags': [{'text': 'Johnson', 'indices': [6, 14]}, {'text': 'Labour', 'indices': [30, 37]}], 'symbols': [], 'user_mentions': [], 'urls': [{'url': 'https://t.co/YE3MZM0kzG', 'expanded_url': 'https://on.rt.com/a7pn', 'display_url': 'on.rt.com/a7pn', 'indices': [90, 113]}]}",1208380742662852610,JNJ,"Boris #Johnson‚Äôs victory over #Labour illustrates the power of propaganda - Roger Waters

https://t.co/YE3MZM0kzG","RT UK broadcasts from its studio in London. Watch LIVE UK news, documentaries and talk shows. Get even more on our website.",83638901,"London, England",RT UK,RTUKnews,https://t.co/Vn2idfP2XP,
2019-12-20 18:34:24,"{'hashtags': [{'text': 'FedEx', 'indices': [23, 29]}], 'symbols': [], 'user_mentions': [], 'urls': [{'url': 'https://t.co/YVYF9DS2KV', 'expanded_url': 'https://twitter.com/i/web/status/1208093308620345345', 'display_url': 'twitter.com/i/web/status/1‚Ä¶', 'indices': [112, 135]}]}",1208093308620345345,WMT,"In the next 24 months, #FedEx will either be acquired or lose an additional 40%+ in value. 

Likely acquirer =‚Ä¶ https://t.co/YVYF9DS2KV",Son of superhero (single mom) | Product of big government @ucla @berkeley | Prof Marketing @NYUStern | cohost Pivot podcast | sign up at https://t.co/57CtTLBpoc,9273802,NYC,Scott Galloway,profgalloway,https://t.co/7p9Sm7nKpx,
2019-12-21 21:10:04,"{'hashtags': [{'text': 'Amazon', 'indices': [107, 114]}], 'symbols': [], 'user_mentions': [], 'urls': [{'url': 'https://t.co/r4NZ2CaNHX', 'expanded_url': 'https://twitter.com/i/web/status/1208494870681260033', 'display_url': 'twitter.com/i/web/status/1‚Ä¶', 'indices': [121, 144]}]}",1208494870681260033,WMT,A lack of innovation &amp; a competitor who can overwhelm enemies with cheap capital and Jedi mind tricks (#Amazon) hav‚Ä¶ https://t.co/r4NZ2CaNHX,Son of superhero (single mom) | Product of big government @ucla @berkeley | Prof Marketing @NYUStern | cohost Pivot podcast | sign up at https://t.co/57CtTLBpoc,9273802,NYC,Scott Galloway,profgalloway,https://t.co/7p9Sm7nKpx,
2019-12-26 10:32:43,"{'hashtags': [{'text': 'visa', 'indices': [101, 106]}], 'symbols': [], 'user_mentions': [], 'urls': [{'url': 'https://t.co/vJf2mkBFLJ', 'expanded_url': 'https://twitter.com/i/web/status/1210146417328701441', 'display_url': 'twitter.com/i/web/status/1‚Ä¶', 'indices': [117, 140]}]}",1210146417328701441,V,"Step 1: Take in some of the kingdom‚Äôs most awe-inspiring landscapes.

Step 2: Apply for your tourist #visa to see t‚Ä¶ https://t.co/vJf2mkBFLJ",#WelcomeToArabia. The official tourism account for Saudi Arabia,1173595451481829379,Saudi Arabia,Visit Saudi,VisitSaudiNow,https://t.co/firXQOV2iY,
2019-12-27 21:10:17,"{'hashtags': [], 'symbols': [], 'user_mentions': [], 'urls': [{'url': 'https://t.co/llkhHzoM7f', 'expanded_url': 'https://twitter.com/i/web/status/1210669250794446848', 'display_url': 'twitter.com/i/web/status/1‚Ä¶', 'indices': [121, 144]}]}",1210669250794446848,T,"Time it took to reach $50 billion in annual revenue:

Citigroup: 185 years
AT&amp;T: 114 years
UPS: 98 years
Disney: 91‚Ä¶ https://t.co/llkhHzoM7f","Anchor, ‚ÄúThe Open‚Äù @BNNBloomberg 8:30am to 11am. @CTVNationalNews correspondent & fill-in anchor. Host, @CTV celebrity entrepreneur show ‚ÄúSidelines""",164425558,IG: @jonerlichman,Jon Erlichman,JonErlichman,https://t.co/mMXSmkvudj,
2019-12-27 19:49:20,"{'hashtags': [], 'symbols': [], 'user_mentions': [], 'urls': [{'url': 'https://t.co/y9iNDMCKw6', 'expanded_url': 'https://twitter.com/i/web/status/1210648881048031237', 'display_url': 'twitter.com/i/web/status/1‚Ä¶', 'indices': [117, 140]}]}",1210648881048031237,T,"To make playoffs, Cowboys need to win and have Giants win. Dak Prescott joked he'll be wearing a Saquon Barkley jer‚Ä¶ https://t.co/y9iNDMCKw6","@USATODAY Cowboys, NFL reporter by way of @dallasnews, @SInow. I root for good stories, intact ACLs and kosher chicken in the press box ‚úâ: jepstein@usatoday.com",1602480314,"Dallas, TX",Jori Epstein,JoriEpstein,https://t.co/ZHdqbI6guV,
2019-12-27 18:01:00,"{'hashtags': [], 'symbols': [], 'user_mentions': [], 'urls': [{'url': 'https://t.co/yef2j9EK72', 'expanded_url': 'https://twitter.com/i/web/status/1210621616289304577', 'display_url': 'twitter.com/i/web/status/1‚Ä¶', 'indices': [117, 140]}]}",1210621616289304577,T,"When corporations and the top 1% look to cut costs, they go after our unions. That's exactly what's happening as Pa‚Ä¶ https://t.co/yef2j9EK72",Iowa born and raised. Former ‚öæÔ∏è player & 2020 Democratic candidate for Congress against Steve King in #IA04.,887704019296276482,"POB 3531 Sioux City, IA 51102",J.D. Scholten,JDScholten,https://t.co/omZPq72UiX,
2019-12-27 22:38:30,"{'hashtags': [], 'symbols': [], 'user_mentions': [], 'urls': [{'url': 'https://t.co/Zt5DGWzmk4', 'expanded_url': 'https://twitter.com/i/web/status/1210691451752988673', 'display_url': 'twitter.com/i/web/status/1‚Ä¶', 'indices': [121, 144]}]}",1210691451752988673,T,"Here's an idea of what we're up against.

My opponent has taken:
ü§¢$3,000 from AT&amp;T
ü§¢$1,000 from Wells Fargo
ü§¢$3,500‚Ä¶ https://t.co/Zt5DGWzmk4",Progressive running for Congress in AZ-01 | @CongressEva | Fmr Flagstaff City Councilmember | @BrandNew535 2020 slate | Donate here: https://t.co/zEh20Zj0XX,102795158,"Flagstaff, AZ",Eva Putzova üèúÔ∏è,EvaPutzova,https://t.co/C5B5cZQ8y6,
2019-12-27 14:01:52,"{'hashtags': [], 'symbols': [], 'user_mentions': [{'screen_name': 'bopinion', 'name': 'Bloomberg Opinion', 'id': 227682918, 'id_str': '227682918', 'indices': [76, 85]}], 'urls': [{'url': 'https://t.co/2kRoiFfs3x', 'expanded_url': 'https://bloom.bg/2t2PYq5', 'display_url': 'bloom.bg/2t2PYq5', 'indices': [48, 71]}]}",1210561435648110592,T,What a decade of Netflix did to the media world https://t.co/2kRoiFfs3x via @bopinion,The first word in business news.,34713362,New York and the World,Bloomberg,business,http://t.co/YFISwy1upH,
2019-12-27 23:00:57,"{'hashtags': [], 'symbols': [], 'user_mentions': [], 'urls': [{'url': 'https://t.co/hmPjH3u5Q1', 'expanded_url': 'https://twitter.com/i/web/status/1210697100868100096', 'display_url': 'twitter.com/i/web/status/1‚Ä¶', 'indices': [121, 144]}]}",1210697100868100096,T,Join us Dec. 28 starting at 8 AM in the AT&amp;T Plaza. The Memphis Tigers pep rally starts at 8:30 AM and features the‚Ä¶ https://t.co/hmPjH3u5Q1,The Official Twitter Account of the University of Memphis Football Team.,3300755069,"Memphis, Tenn.",Memphis Football,MemphisFB,https://t.co/GJzzWaxGTO,
2019-12-27 00:09:46,"{'hashtags': [], 'symbols': [], 'user_mentions': [], 'urls': [{'url': 'https://t.co/1C0fnqR4Hs', 'expanded_url': 'https://twitter.com/i/web/status/1210352033733234689', 'display_url': 'twitter.com/i/web/status/1‚Ä¶', 'indices': [117, 140]}]}",1210352033733234689,T,"Rest In Peace Herman Boone, the high school football coach who inspired the Denzel Washington film Remember the Tit‚Ä¶ https://t.co/1C0fnqR4Hs",Great Revolt co-author wi/ @bradOnMessage https://t.co/izFfrqjAwL @dcexaminer Reporter @nypost Columnist @cnn Contributor @harvard & @wlunews Visiting Prof,16101182,"Main Street, USA",SalenaZito,SalenaZito,https://t.co/M1Jxpd27e9,
2019-12-27 16:45:55,"{'hashtags': [], 'symbols': [], 'user_mentions': [], 'urls': [{'url': 'https://t.co/Vam4URU3Zc', 'expanded_url': 'https://twitter.com/i/web/status/1210602720698228736', 'display_url': 'twitter.com/i/web/status/1‚Ä¶', 'indices': [121, 144]}]}",1210602720698228736,T,Yup. AT&amp;T pretended to support net neutrality. DirecTV customers got pop-ups on their screens to write to the FCC t‚Ä¶ https://t.co/Vam4URU3Zc,"Princeton prof. I use Twitter to share my research & commentary on surveillance capitalism, infosec, cryptocurrencies, AI ethics, tech policy, & academic life.",10834752,"Princeton, NJ",Arvind Narayanan,random_walker,http://t.co/gom6hTWCuB,
2019-12-26 18:21:07,"{'hashtags': [{'text': 'GoTigersGo', 'indices': [96, 107]}], 'symbols': [], 'user_mentions': [{'screen_name': 'MemphisFB', 'name': 'Memphis Football', 'id': 3300755069, 'id_str': '3300755069', 'indices': [1, 11]}, {'screen_name': 'CottonBowlGame', 'name': 'Goodyear Cotton Bowl Classic', 'id': 18428675, 'id_str': '18428675', 'indices': [51, 66]}], 'urls': [{'url': 'https://t.co/QNd6YnsYyg', 'expanded_url': 'https://twitter.com/i/web/status/1210264291947012097', 'display_url': 'twitter.com/i/web/status/1‚Ä¶', 'indices': [109, 132]}]}",1210264291947012097,T,.@MemphisFB took the field at AT&amp;T Stadium for @CottonBowlGame practice No. 4 this morning! #GoTigersGo‚Ä¶ https://t.co/QNd6YnsYyg,Official Twitter account of Memphis Tigers Athletics. Facebook: Memphis Tigers. Instagram: memphisathletics. Official hashtag: #GoTigersGo,33656245,"Memphis, TN",Memphis Tigers,TigersAthletics,http://t.co/e6aSL33haX,
2019-12-26 19:32:29,"{'hashtags': [], 'symbols': [], 'user_mentions': [], 'urls': [{'url': 'https://t.co/JbY99z3eGb', 'expanded_url': 'https://twitter.com/i/web/status/1210282252900478977', 'display_url': 'twitter.com/i/web/status/1‚Ä¶', 'indices': [120, 143]}]}",1210282252900478977,T,"AT&amp;T doesn't want its home Internet speeds to be measured by the Federal Communications Commission anymore, and it‚Ä¶ https://t.co/JbY99z3eGb","Original news, reviews, analysis of tech trends, and expert advice on the most fundamental aspects of tech.",717313,NYC - Boston - Chicago - SF,Ars Technica,arstechnica,http://t.co/Ul1NPoX9hd,
2019-12-21 14:00:59,"{'hashtags': [], 'symbols': [], 'user_mentions': [], 'urls': [{'url': 'https://t.co/s1s2naK87c', 'expanded_url': 'https://twitter.com/i/web/status/1208386887049785345', 'display_url': 'twitter.com/i/web/status/1‚Ä¶', 'indices': [121, 144]}]}",1208386887049785345,T,"In the summer of 2017, Trump personally intervened to try and block a merger between AT&amp;T and Time Warner ‚Äî  to try‚Ä¶ https://t.co/s1s2naK87c","Fearless, adversarial journalism. Join our newsletter to get our best investigative reporting delivered to you: https://t.co/0hWiq95x3e",2329066872,"New York, NY",The Intercept,theintercept,https://t.co/PW7mSA7fVT,
2019-12-22 00:42:28,"{'hashtags': [], 'symbols': [], 'user_mentions': [], 'urls': [{'url': 'https://t.co/s5AwtFL3tl', 'expanded_url': 'https://twitter.com/i/web/status/1208548321213734917', 'display_url': 'twitter.com/i/web/status/1‚Ä¶', 'indices': [121, 144]}]}",1208548321213734917,T,"North Shore beats Duncanville again, wins second straight Texas 6A-1 title in front of almost 50,000 fans at AT&amp;T S‚Ä¶ https://t.co/s5AwtFL3tl",‚ö°Ô∏èWe are the leader in high school sports üí• DM and TAG @MaxPreps to submit a video üì≤,18965761,"El Dorado Hills, CA",MaxPreps,MaxPreps,https://t.co/iYo6ZNEWeY,
2019-12-23 16:57:46,"{'hashtags': [{'text': 'PratiRojuPandaage', 'indices': [0, 18]}], 'symbols': [], 'user_mentions': [], 'urls': [{'url': 'https://t.co/fuqRitN62x', 'expanded_url': 'https://twitter.com/i/web/status/1209156151994011650', 'display_url': 'twitter.com/i/web/status/1‚Ä¶', 'indices': [125, 148]}]}",1209156151994011650,T,"#PratiRojuPandaage at USA
Watch with ur family &amp; friends utilizing 
T Mobile offer 
AT&amp; T 1+1 offer 
Enjoy the fest‚Ä¶ https://t.co/fuqRitN62x","Director, screenwriter, Film producer",585396944,"Hyderabad, India",PratiRojuPandaage In theaters,DirectorMaruthi,https://t.co/3KjerIB0R8,
2019-12-26 00:09:45,"{'hashtags': [], 'symbols': [], 'user_mentions': [], 'urls': [{'url': 'https://t.co/VydsUJagGk', 'expanded_url': 'https://twitter.com/JORDANSTOUT92/status/1209967809448550400/video/1', 'display_url': 'twitter.com/JORDANSTOUT92/‚Ä¶', 'indices': [74, 97]}]}",1209989642671538176,T,"The AT&amp;T Jumbotron isn‚Äôt kicker-proof

Jordan Stout ‚Äî GOOD at kicking
https://t.co/VydsUJagGk",We Are... Everything Penn State | Direct Affiliate of @BarstoolSports | Not Affiliated with Penn State | DM to be featured | IG/TikTok: @PSUBarstool,2422250906,State College ,Barstool Penn State,PSUBarstool,,
2019-12-23 23:00:31,"{'hashtags': [{'text': 'GoTigersGo', 'indices': [99, 110]}], 'symbols': [], 'user_mentions': [{'screen_name': 'CottonBowlGame', 'name': 'Goodyear Cotton Bowl Classic', 'id': 18428675, 'id_str': '18428675', 'indices': [73, 88]}], 'urls': [{'url': 'https://t.co/OhasaRKC7I', 'expanded_url': 'https://twitter.com/i/web/status/1209247442601959424', 'display_url': 'twitter.com/i/web/status/1‚Ä¶', 'indices': [112, 135]}]}",1209247442601959424,T,First day on the field at AT&amp;T Stadium in preparation for Saturday's @CottonBowlGame match-up. #GoTigersGo‚Ä¶ https://t.co/OhasaRKC7I,The Official Twitter Account of the University of Memphis Football Team.,3300755069,"Memphis, Tenn.",Memphis Football,MemphisFB,https://t.co/GJzzWaxGTO,
